﻿<?xml version="1.0" encoding="utf-8"?>
<TranslationContainer>
  <Translations>
    <!--
<Translation>
<Keyword></Keyword>
<Text></Text>
</Translation>
-->
    <Translation>
      <Keyword>LanguageId</Keyword>
      <Text>Język użytkownika</Text>
    </Translation>
    <Translation>
      <Keyword>UseUniversalNumberingSystem</Keyword>
      <Text>Używaj uniwarselnego systemu numerowania (US)</Text>
    </Translation>
    <Translation>
      <Keyword>RestartToApplyChanges</Keyword>
      <Text>Muszisz zrestartować aplikację aby zastosować zmiany.</Text>
    </Translation>
    <Translation>
      <Keyword>ErrorSavingUserSettings</Keyword>
      <Text>Wystąpił błąd podczas zapisu ustawień użytkownika</Text>
    </Translation>
    <Translation>
      <Keyword>ErrorCreateUserConfigDir</Keyword>
      <Text>Wystąpił błąd podczas tworzenia katalodu ustawień użytkownika</Text>
    </Translation>
    <Translation>
      <Keyword>SelectNewPath</Keyword>
      <Text>Wybierz folder</Text>
    </Translation>
    <Translation>
      <Keyword>DataStoragePath</Keyword>
      <Text>CAD-sieżka danych</Text>
    </Translation>
    <Translation>
      <Keyword>SelectNewFile</Keyword>
      <Text>Wybierz plik</Text>
    </Translation>
    <Translation>
      <Keyword>StartButtonList</Keyword>
      <Text>CAD exe</Text>
    </Translation>
    <Translation>
      <Keyword>NetworkCopyingSettings</Keyword>
      <Text>Kopiowanie ustawień</Text>
    </Translation>
    <Translation>
      <Keyword>AddProjectDirectoryToNetworkPath</Keyword>
      <Text>Utwórz podfolder dla tego projektu</Text>
    </Translation>
  </Translations>
</TranslationContainer>