﻿<?xml version="1.0" encoding="utf-8"?>
<TranslationContainer>
  <Translations>
    <!--
<Translation>
<Keyword></Keyword>
<Text></Text>
</Translation>
-->
    <Translation>
      <Keyword>DentalDB.Import.Error.UserAborted</Keyword>
      <Text>przerwane przez użytkownika</Text>
    </Translation>
    <Translation>
      <Keyword>TorontoBridge.WorkDescription</Keyword>
      <Text>Zredukowany most Prettau</Text>
    </Translation>
    <Translation>
      <Keyword>DentalDB.Import.Error.EntryAlreadyExists</Keyword>
      <Text>Praca już istnieje.  Chcesz zastąpić isniejącą pracę?          Jeśli NIE, to import zostanie przerwany.</Text>
    </Translation>
  </Translations>
</TranslationContainer>