﻿<?xml version="1.0" encoding="utf-8"?>
<TranslationContainer>
  <Translations>
    <!--
<Translation>
<Keyword></Keyword>
<Text></Text>
</Translation>
-->
    <Translation>
      <Keyword>CADDesignData</Keyword>
      <Text>Dane projektowania CAD</Text>
    </Translation>
    <Translation>
      <Keyword>ScanAndCADDesignData</Keyword>
      <Text>Dane skaneowania i projektowania</Text>
    </Translation>
    <Translation>
      <Keyword>Scenes</Keyword>
      <Text>Pliki Sceny</Text>
    </Translation>
    <Translation>
      <Keyword>Screenshots</Keyword>
      <Text>Zrzut ekranu</Text>
    </Translation>
  </Translations>
</TranslationContainer>