﻿<?xml version="1.0" encoding="utf-8"?>
<TranslationContainer>
  <Translations>
    <!--
<Translation>
<Keyword></Keyword>
<Text></Text>
</Translation>
-->
    <Translation>
      <Keyword>CheckSumFileTransferFailed</Keyword>
      <Text>Błędne kopiowanie sum kontrolnych. Chcesz kontynuować transfer danych.</Text>
    </Translation>
    <Translation>
      <Keyword>CheckSumFileTransferFailed.Continue</Keyword>
      <Text>Kontynuuj przesyłanie danych</Text>
    </Translation>
    <Translation>
      <Keyword>CheckSumFileTransferFailed.Continue.Description</Keyword>
      <Text>Transwer danych nie powiódł się.</Text>
    </Translation>
    <Translation>
      <Keyword>CheckSumFileTransferFailed.Abort</Keyword>
      <Text>Abort data transfer</Text>
    </Translation>
    <Translation>
      <Keyword>NetworkCopying.CopyingSucceded</Keyword>
      <Text>Zakończono kopiowanie bez błędów</Text>
    </Translation>
    <Translation>
      <Keyword>NetworkCopying.CopyingFailed</Keyword>
      <Text>Zakończyć z błędami.
Szczegóły t o błędzie:</Text>
    </Translation>
    <Translation>
      <Keyword>TransferDetails</Keyword>
      <Text>Szczegóły kopiowania</Text>
    </Translation>
    <Translation>
      <Keyword>OneOrManyFilesNotCopiedOfOperationAbort</Keyword>
      <Text>One or more files where not copied because of canceling by user</Text>
    </Translation>
    <Translation>
      <Keyword>ComputingFileCheckSums</Keyword>
      <Text>Sumy kontrolne plików</Text>
    </Translation>
    <Translation>
      <Keyword>ComputingFileCheckSums.Description</Keyword>
      <Text>Start computing file check sums</Text>
    </Translation>
    <Translation>
      <Keyword>ComputingFileCheckSumsFinished</Keyword>
      <Text>Zakończono sprawdzanie pliku sumowania</Text>
    </Translation>
    <Translation>
      <Keyword>ComputingFileCheckSumsFinished.Description</Keyword>
      <Text>Zakończono sprawdzanie pliku sumowania</Text>
    </Translation>
    <Translation>
      <Keyword>FileTransferStarted</Keyword>
      <Text>Rozpocznij kopiowanie plików</Text>
    </Translation>
    <Translation>
      <Keyword>FileTransferStarted.Description</Keyword>
      <Text>Rozpoczęto kopiowanie</Text>
    </Translation>
    <Translation>
      <Keyword>FileTransferFinished</Keyword>
      <Text>Zakończono kopiowanie</Text>
    </Translation>
    <Translation>
      <Keyword>FileTransferFinished.Description</Keyword>
      <Text>Zakończono kopiowanie.</Text>
    </Translation>
    <Translation>
      <Keyword>Information</Keyword>
      <Text>Informacja</Text>
    </Translation>
    <Translation>
      <Keyword>NetworkCopying.FileSelectionWindow.Header</Keyword>
      <Text>Wybór plików</Text>
    </Translation>
    <Translation>
      <Keyword>NetworkCopying.ProgressWindow.Header</Keyword>
      <Text>Postęp</Text>
    </Translation>
    <Translation>
      <Keyword>FileTransferDestinationFolder</Keyword>
      <Text>Kopiuj dane pracy do  {0}</Text>
    </Translation>
    <Translation>
      <Keyword>FileTransferDestinationFolderCreationFailed</Keyword>
      <Text>Nie można utworzyć katalogu {0}</Text>
    </Translation>
    <Translation>
      <Keyword>NetworkFileTransferFailed</Keyword>
      <Text>Nie można utworzyć katalogu {0}</Text>
    </Translation>
    <Translation>
      <Keyword>NetworkCopying.ErrorLoadingConfigFile</Keyword>
      <Text>There was an error to load config file '{0}' from path '{1}'.
Error details:
{2}
   </Text>
    </Translation>
    <Translation>
      <Keyword>NetworCopying.NoValidUploadPathProvided</Keyword>
      <Text>Źle skonfigurowana funkcja kopiowania.
Pliki konfiguracyjny nie  istnieją.
Proszę się skontaktować z dostawcą oprogramowania w celu naprawy konfiguracji.</Text>
    </Translation>
    <Translation>
      <Keyword>NetworkCopying.NoValidConfigFileFound</Keyword>
      <Text>Źle skonfigurowana funkcja kopiowania.
Pliki konfiguracyjny nie  istnieją.
Proszę się skontaktować z dostawcą oprogramowania w celu naprawy konfiguracji.</Text>
    </Translation>
  </Translations>
</TranslationContainer>