﻿<?xml version="1.0" encoding="utf-8"?>
<TranslationContainer>
  <Translations>
    <!--
<Translation>
<Keyword></Keyword>
<Text></Text>
</Translation>
-->
    <Translation>
      <Keyword>DentalDB.DentalDBMain.OnlineHelp</Keyword>
      <Text>DentalDB_Module</Text>
    </Translation>
    <Translation>
      <Keyword>DentalDB.ToothWorkSelection.Views.ToothWorkParams.OnlineHelp</Keyword>
      <Text>Definiowanie_pracy_dla_zębów</Text>
    </Translation>
    <Translation>
      <Keyword>DentalDB.Views.TreatmentListView.OnlineHelp</Keyword>
      <Text>Ładowanie_pracy</Text>
    </Translation>
  </Translations>
</TranslationContainer>