﻿<?xml version="1.0" encoding="utf-8"?>
<TranslationContainer>
  <Translations>
    <!--
<Translation>
<Keyword></Keyword>
<Text></Text>
</Translation>
-->
    <Translation>
      <Keyword>CrownAndCoping.Group</Keyword>
      <Text>Korony/Czapeczki</Text>
    </Translation>
    <Translation>
      <Keyword>InlaysAndVeneers.Group</Keyword>
      <Text>Inlay'e/licówki</Text>
    </Translation>
    <Translation>
      <Keyword>Crown.Group</Keyword>
      <Text>Pełne korony</Text>
    </Translation>
    <Translation>
      <Keyword>Pontic.Group</Keyword>
      <Text>Przęsła</Text>
    </Translation>
    <Translation>
      <Keyword>PartialCrown.Group</Keyword>
      <Text>Korony częściowe</Text>
    </Translation>
    <Translation>
      <Keyword>Waxup.Group</Keyword>
      <Text>Waxup'y</Text>
    </Translation>
    <Translation>
      <Keyword>PrimaryUnits.Group</Keyword>
      <Text>Podstawowe jednostki</Text>
    </Translation>
    <Translation>
      <Keyword>ResidualDentition.Group</Keyword>
      <Text>Uzębienie resztkowe</Text>
    </Translation>
    <Translation>
      <Keyword>BiteSplint.Group</Keyword>
      <Text>Szyna zgryzowa</Text>
    </Translation>
  </Translations>
</TranslationContainer>