﻿<?xml version="1.0" encoding="utf-8"?>
<TranslationContainer>
  <Translations>
    <!--
<Translation>
<Keyword></Keyword>
<Text></Text>
</Translation>
-->
    <Translation>
      <Keyword>ScanImport01.LabMissing</Keyword>
      <Text>Nie można otrzymać domyślego laboratorium</Text>
    </Translation>
    <Translation>
      <Keyword>ScanImport01.ImportFailed</Keyword>
      <Text>Wystąpił błąd podczas tworzenia pracy z projektu iTero.</Text>
    </Translation>
    <Translation>
      <Keyword>ScanImport01.ImportSuccessed</Keyword>
      <Text>Projekt pracy został pomyślnie utworzony z plików iTero {0}</Text>
    </Translation>
    <Translation>
      <Keyword>ScanImport01.ToothSkipped</Keyword>
      <Text>Ząb {0} pominięty</Text>
    </Translation>
    <Translation>
      <Keyword>ScanImport01.ImportedWithWarnings</Keyword>
      <Text>Projekt został stworzony z pliku i-Tero {0}. Niektóre dane nie mogą być przeprowadzane, dlatego w projekcie są braki:
       {1}</Text>
    </Translation>
    <Translation>
      <Keyword>ScanImport01.SelectPractice.Header</Keyword>
      <Text>Wybierz ćwiczenie</Text>
    </Translation>
    <Translation>
      <Keyword>CreatePractice</Keyword>
      <Text>Utwórz klienta aby kontynuować</Text>
    </Translation>
    <Translation>
      <Keyword>CreatePracticeAdvice</Keyword>
      <Text>Utwórz klienta aby kontynuować</Text>
    </Translation>
    <Translation>
      <Keyword>ScanImport01.AddPracticeFirst</Keyword>
      <Text>Klienta podany w pliku Itero projektu nie został znaleziony w bazie danych.
         Proszę wypełnić poniższy formularz, aby utworzyć klienta o podanej nazwie.
         Aby kontynuować bez tworzenia nowego klienta i przypisać istniejącego klienta do
          stworzonegoz projektu Itero należy zamknąć okno.</Text>
    </Translation>
    <Translation>
      <Keyword>ScanImport01.ReconstructionTypeMissingInProjectFileDB</Keyword>
      <Text>Brak typu rekonstrukcji z ID nr </Text>
    </Translation>
    <Translation>
      <Keyword>ScanImport01.ReconstructionTypeMappingMissing</Keyword>
      <Text>Brak typu rekonstrukcji z ID nr{0}. Proszę o kontakt z dystrybutorem</Text>
    </Translation>
    <Translation>
      <Keyword>ScanImport01.ReconstructionTypeDefaultValueMissing</Keyword>
      <Text>Umieszczona wartość {0} dla domyślnego tego typu rekonstrukcji nie został znaleziony w bazie danych.</Text>
    </Translation>
    <Translation>
      <Keyword>ScanImport01.AntagonistDataInvalid</Keyword>
      <Text>Nie można utworzyć antagonisty z pracy {0} i materiału {1}</Text>
    </Translation>
    <Translation>
      <Keyword>ScanImport01.ImportMaterialMissing</Keyword>
      <Text>Id materiału iTero {0} nie zostało znalezione w projekcie iTero</Text>
    </Translation>
    <Translation>
      <Keyword>ScanImport01.MaterialMappingMissing</Keyword>
      <Text>Materiał z {0} i iTero {0} nie pokrywają się.</Text>
    </Translation>
    <Translation>
      <Keyword>ScanImport01.WorkDefinitionMissing</Keyword>
      <Text>Brak danych do wybranej pracy {0} i materiału {1}</Text>
    </Translation>
    <Translation>
      <Keyword>ScanImport01.Notes.CaseId</Keyword>
      <Text>Nr sprawy</Text>
    </Translation>
    <Translation>
      <Keyword>ScanImport01.Notes.DueDate</Keyword>
      <Text>Termin</Text>
    </Translation>
    <Translation>
      <Keyword>ScanImport01.Notes.AdditionalInfo</Keyword>
      <Text>Informacje dodatkowe</Text>
    </Translation>
    <Translation>
      <Keyword>ScanImport01.Notes.MaterialSpecification</Keyword>
      <Text>Właściwości materiału</Text>
    </Translation>
    <Translation>
      <Keyword>ScanImport01.Notes.Colorspecification</Keyword>
      <Text>Schemat kolorów</Text>
    </Translation>
    <Translation>
      <Keyword>ScanImport01.Notes.ColorSchema</Keyword>
      <Text>Schemat kolorów</Text>
    </Translation>
    <Translation>
      <Keyword>ScanImport01.Notes.UsedMaterials</Keyword>
      <Text>Materiały</Text>
    </Translation>
    <Translation>
      <Keyword>ScanImport01.Notes.ColorSchema.IncisalShade</Keyword>
      <Text>Odcień brzegu siecz.</Text>
    </Translation>
    <Translation>
      <Keyword>ScanImport01.Notes.ColorSchema.MiddleShade</Keyword>
      <Text>Średni odcień</Text>
    </Translation>
    <Translation>
      <Keyword>ScanImport01.Notes.ColorSchema.GingivalShade</Keyword>
      <Text>Odcień dziąsła</Text>
    </Translation>
    <Translation>
      <Keyword>ScanImport01.Notes.MarginDesign</Keyword>
      <Text>Tworzenie brzegu</Text>
    </Translation>
    <Translation>
      <Keyword>ScanImport01.Notes.MarginDesign.Int</Keyword>
      <Text>Wewnętrzny</Text>
    </Translation>
    <Translation>
      <Keyword>ScanImport01.Notes.MarginDesign.Ext</Keyword>
      <Text>przedsionek</Text>
    </Translation>
    <Translation>
      <Keyword>ScanImport01.Notes.Implant</Keyword>
      <Text>Implant</Text>
    </Translation>
    <Translation>
      <Keyword>ScanImport01.Notes.Tooth</Keyword>
      <Text>Ząb</Text>
    </Translation>
    <Translation>
      <Keyword>ScanImport01.Warning.ValidateProjectBeforeConstruct</Keyword>
      <Text>Przed  kontynuowaniem proszę sprawdzić, czy importowane dane są poprawne i kompletne.</Text>
    </Translation>
    <Translation>
      <Keyword>ScanImport01.EmptyMatrixString</Keyword>
      <Text>Transformation matrix string from iTero file is empty. Non empty string containing 16 doubles expected</Text>
    </Translation>
    <Translation>
      <Keyword>ScanImport01.InvalidMatrixString</Keyword>
      <Text>"Transformation matrix string is in invalid format: non empty string containing 16 doubles expected.
Given: {0}"</Text>
    </Translation>
  </Translations>
</TranslationContainer>