﻿<?xml version="1.0" encoding="utf-8"?>
<TranslationContainer>
  <Translations>
    <!--
<Translation>
<Keyword></Keyword>
<Text></Text>
</Translation>
-->
    <Translation>
      <Keyword>FTP.Code.502</Keyword>
      <Text>Polecenie niezrealizowane</Text>
    </Translation>
    <Translation>
      <Keyword>WpfFTP.DataAlreadyUploaded.AbortUpload</Keyword>
      <Text>Przerwij przesyłanie</Text>
    </Translation>
    <Translation>
      <Keyword>WpfFTP.DataAlreadyUploaded.UploadAgain</Keyword>
      <Text>Załaduj pliki ponownie</Text>
    </Translation>
    <Translation>
      <Keyword>WpfFTP.DataAlreadyUploaded.AbortUpload.Description</Keyword>
      <Text>Brak plików do przesyłania</Text>
    </Translation>
    <Translation>
      <Keyword>WpfFTP.DataAlreadyUploaded</Keyword>
      <Text>Pliki, które zamierzasz załadować już istnieje na serwerze FTP</Text>
    </Translation>
    <Translation>
      <Keyword>WpfFTP.DataAlreadyUploaded.UploadAgain.Description</Keyword>
      <Text>Pliki które zostały wybrane zostaną przesłane ponownie. Pliki na serwerze FTP zostanią nadpisane.</Text>
    </Translation>
    <Translation>
      <Keyword>TotalProgress</Keyword>
      <Text>Całkowity postęp</Text>
    </Translation>
    <Translation>
      <Keyword>WaitForConnection</Keyword>
      <Text>Łączenie z serwerem proszę czekać</Text>
    </Translation>
    <Translation>
      <Keyword>SelectFilesToUpload</Keyword>
      <Text>Wybierz pliki do przesłania</Text>
    </Translation>
    <Translation>
      <Keyword>ErrorMessageFromServer</Keyword>
      <Text>Błąd serwera</Text>
    </Translation>
    <Translation>
      <Keyword>ErrorCodeFromServer</Keyword>
      <Text>Błąd serwera nr:</Text>
    </Translation>
    <Translation>
      <Keyword>WpfFTP.UI.ChangeUserPass</Keyword>
      <Text>Zmień użytkownika i hasło</Text>
    </Translation>
    <Translation>
      <Keyword>WpfFTP.Messages.IncompleteTransfer</Keyword>
      <Text>Błąd - nie wszystkie pliki mogą być przeniesione z powodzeniem.</Text>
    </Translation>
    <Translation>
      <Keyword>WpfFTP.Messages.AfterWait</Keyword>
      <Text>sekunda</Text>
    </Translation>
    <Translation>
      <Keyword>WpfFTP.Messages.ConfigMissing</Keyword>
      <Text>Brak plików konfiguracji FTP</Text>
    </Translation>
    <Translation>
      <Keyword>WpfFTP.Messages.BaseDirMissing</Keyword>
      <Text>Ten katalog bazy nie istnieje</Text>
    </Translation>
    <Translation>
      <Keyword>WpfFTP.Messages.RetryCountExceeded</Keyword>
      <Text>Wykożystałeś maksymalną ilość prób.                                           Sprawdź ustawienia internetowe.</Text>
    </Translation>
    <Translation>
      <Keyword>WpfFTP.Username</Keyword>
      <Text>Użytkownik:</Text>
    </Translation>
    <Translation>
      <Keyword>WpfFTP.Password</Keyword>
      <Text>Hasło:</Text>
    </Translation>
    <Translation>
      <Keyword>WpfFTP.RememberPassword</Keyword>
      <Text>Zachowaj hasło</Text>
    </Translation>
    <Translation>
      <Keyword>WpfFTP.SignupText</Keyword>
      <Text>Nie posiadasz jeszcze loginu?</Text>
    </Translation>
    <Translation>
      <Keyword>WpfFTP.SignupLinkDescription</Keyword>
      <Text>Kliknij żeby się zarejestrować</Text>
    </Translation>
    <Translation>
      <Keyword>WpfFTP.EnterUsernamePassword</Keyword>
      <Text>Użytkownik i hasło</Text>
    </Translation>
    <Translation>
      <Keyword>FTP.Code.150</Keyword>
      <Text>Błąd FTP nr:</Text>
    </Translation>
    <Translation>
      <Keyword>WpfFTP.Messages.BeginFileUpload</Keyword>
      <Text>Rozpczyna się przesyłanie plików.....</Text>
    </Translation>
    <Translation>
      <Keyword>WpfFTP.Messages.FileUploaded</Keyword>
      <Text>Pliki załadowane</Text>
    </Translation>
    <Translation>
      <Keyword>WpfFTP.Messages.AskAbort.Header</Keyword>
      <Text>Potwierdzanie przerwane</Text>
    </Translation>
    <Translation>
      <Keyword>WpfFTP.Messages.AskAbort.Message</Keyword>
      <Text>Jeśli zamkniesz okno FTP  pliki zostaną anulowane. Kliknij przycisk Tak, aby potwierdzić, NIE aby kontynuować </Text>
    </Translation>
    <Translation>
      <Keyword>WpfFTP.Messages.StartTry</Keyword>
      <Text>Starting try no </Text>
    </Translation>
    <Translation>
      <Keyword>WpfFTP.Messages.from</Keyword>
      <Text>z</Text>
    </Translation>
    <Translation>
      <Keyword>WpfFTP.Messages.TemporaryFailure</Keyword>
      <Text>Chwilowy brak:</Text>
    </Translation>
    <Translation>
      <Keyword>WpfFTP.Messages.PermanentError</Keyword>
      <Text>Błąd</Text>
    </Translation>
    <Translation>
      <Keyword>WpfFTP.Messages.NoResponse</Keyword>
      <Text>Serwer nie odpowiada</Text>
    </Translation>
    <Translation>
      <Keyword>WpfFTP.Messages.UserAbort</Keyword>
      <Text>Przesyłanie przerwane przez użytkownika</Text>
    </Translation>
    <Translation>
      <Keyword>WpfFTP.Messages.TranserComplete</Keyword>
      <Text>Przesyłanie zakończone</Text>
    </Translation>
    <Translation>
      <Keyword>WpfFTP.UI.MainWindow.Buttons.Start</Keyword>
      <Text>Start</Text>
    </Translation>
    <Translation>
      <Keyword>WpfFTP.UI.MainWindow.Buttons.Close</Keyword>
      <Text>Zamknij</Text>
    </Translation>
    <Translation>
      <Keyword>WpfFTP.UI.FTPStateVisualizerWindow.Header</Keyword>
      <Text>Okno statusu przesyłania</Text>
    </Translation>
    <Translation>
      <Keyword>WpfFTP.UI.FTPStateVisualizerWindow.Buttons.AbortUpload</Keyword>
      <Text>Przerwij przesyłanie</Text>
    </Translation>
    <Translation>
      <Keyword>WpfFTP.UI.FTPStateVisualizerWindow.Buttons.ShowDetail</Keyword>
      <Text>Detal &lt;&lt;</Text>
    </Translation>
    <Translation>
      <Keyword>WpfFTP.UI.FTPStateVisualizerWindow.Buttons.HideDetail</Keyword>
      <Text>Detal &lt;&lt;</Text>
    </Translation>
    <Translation>
      <Keyword>WpfFTP.UI.FilterVisualizerWindow.Header</Keyword>
      <Text>Dostępne filtry</Text>
    </Translation>
    <Translation>
      <Keyword>WpfFTP.UI.FilterVisualizerWindow.Buttons.StartUpload</Keyword>
      <Text>Zacznij przesyłanie.</Text>
    </Translation>
  </Translations>
</TranslationContainer>