﻿<?xml version="1.0" encoding="utf-8"?>
<TranslationContainer>
  <Translations>
    <!--
<Translation>
<Keyword></Keyword>
<Text></Text>
</Translation>
-->
    <Translation>
      <Keyword>DentalNotation</Keyword>
      <Text>Dental notation</Text>
    </Translation>
    <Translation>
      <Keyword>DentalNotation.Palmer</Keyword>
      <Text>Palmer notation method</Text>
    </Translation>
    <Translation>
      <Keyword>DentalNotation.UniversalNumberingSystem</Keyword>
      <Text>Universal numbering system</Text>
    </Translation>
    <Translation>
      <Keyword>DentalNotation.FDITwoDigit</Keyword>
      <Text>FDI World Dental Federation notation</Text>
    </Translation>
    <Translation>
      <Keyword>ForceShowFullIndicationList</Keyword>
      <Text>Always show full list of indications</Text>
    </Translation>
    <Translation>
      <Keyword>FileTypeAssociationsManager.Manage</Keyword>
      <Text>Manage extensions</Text>
    </Translation>
    <Translation>
      <Keyword>FileTypeAssociationsManager.Manage.Tooltip</Keyword>
      <Text>Opens Windows(TM) "Default Programs" dialog</Text>
    </Translation>
    <Translation>
      <Keyword>FileTypeAssociationsManager.Title</Keyword>
      <Text>Extension manager</Text>
    </Translation>
    <Translation>
      <Keyword>ApplicationRegistration.RegistryUpdateExecutionFailed</Keyword>
      <Text>An error occurred starting software registration step.</Text>
    </Translation>
    <Translation>
      <Keyword>ApplicationRegistration.RegistryUpdateWaitForCompleteFailed</Keyword>
      <Text>An error occurred completing software registration step.</Text>
    </Translation>
    <Translation>
      <Keyword>ApplicationRegistration.RegistryUpdateFailed</Keyword>
      <Text>Software registration step failed.</Text>
    </Translation>
    <Translation>
      <Keyword>AppRegister.OpenManageFileAssociationsFailed</Keyword>
      <Text>An error occurred opening Windows "Default Programs" dialog:
{0}</Text>
    </Translation>
    <Translation>
      <Keyword>AppRegister.ShowRegistrationDialog.IvalidOSVersion</Keyword>
      <Text>Extension management is not supported on this operation system.</Text>
    </Translation>
    <Translation>
      <Keyword>AppRegister.RegisterApplicationForDefaultProgramsFailed</Keyword>
      <Text>An error occurred registering software for Windows "Default programs" dialog:
{0}</Text>
    </Translation>
  </Translations>
</TranslationContainer>