﻿<?xml version="1.0" encoding="utf-8"?>
<TranslationContainer>
  <Translations>
    <!--
<Translation>
<Keyword></Keyword>
<Text></Text>
</Translation>
-->
    <Translation>
      <Keyword>InvalidStartupArgs</Keyword>
      <Text>Please provide input and output file names.</Text>
    </Translation>
    <Translation>
      <Keyword>ConfirmOverwrite</Keyword>
      <Text>Destination file {0} already exists.
Do you want to overwrite this file?</Text>
    </Translation>
    <Translation>
      <Keyword>CopyFailed</Keyword>
      <Text>Could not copy source file {0} to {1}.
Error:
{2}</Text>
    </Translation>
    <Translation>
      <Keyword>FileOpeningFailed</Keyword>
      <Text>Could not open file {0.}
Error:
{1}</Text>
    </Translation>
    <Translation>
      <Keyword>Error</Keyword>
      <Text>Error</Text>
    </Translation>
    <Translation>
      <Keyword>Confirmation</Keyword>
      <Text>Confirmation</Text>
    </Translation>
  </Translations>
</TranslationContainer>