﻿<?xml version="1.0" encoding="utf-8"?>
<TranslationContainer>
  <Translations>
    <!--
<Translation>
<Keyword></Keyword>
<Text></Text>
</Translation>
-->
    <Translation>
      <Keyword>DE.Country</Keyword>
      <Text>Germany</Text>
    </Translation>
    <Translation>
      <Keyword>IT.Country</Keyword>
      <Text>Italy</Text>
    </Translation>
    <Translation>
      <Keyword>FR.Country</Keyword>
      <Text>France</Text>
    </Translation>
    <Translation>
      <Keyword>AT.Country</Keyword>
      <Text>Austria</Text>
    </Translation>
    <Translation>
      <Keyword>ES.Country</Keyword>
      <Text>Spain</Text>
    </Translation>
    <Translation>
      <Keyword>PT.Country</Keyword>
      <Text>Portugal</Text>
    </Translation>
    <Translation>
      <Keyword>HU.Country</Keyword>
      <Text>Hungary</Text>
    </Translation>
    <Translation>
      <Keyword>RU.Country</Keyword>
      <Text>Russia</Text>
    </Translation>
    <Translation>
      <Keyword>US.Country</Keyword>
      <Text>United States</Text>
    </Translation>
    <Translation>
      <Keyword>CA.Country</Keyword>
      <Text>Canada</Text>
    </Translation>
    <Translation>
      <Keyword>CH.Country</Keyword>
      <Text>Switzerland</Text>
    </Translation>
    <Translation>
      <Keyword>AD.Country</Keyword>
      <Text>Andorra</Text>
    </Translation>
    <Translation>
      <Keyword>AE.Country</Keyword>
      <Text>United Arab Emirates</Text>
    </Translation>
    <Translation>
      <Keyword>AF.Country</Keyword>
      <Text>Afghanistan</Text>
    </Translation>
    <Translation>
      <Keyword>AG.Country</Keyword>
      <Text>Antigua and Barbuda</Text>
    </Translation>
    <Translation>
      <Keyword>AI.Country</Keyword>
      <Text>Anguilla</Text>
    </Translation>
    <Translation>
      <Keyword>AL.Country</Keyword>
      <Text>Albania</Text>
    </Translation>
    <Translation>
      <Keyword>AM.Country</Keyword>
      <Text>Armenia</Text>
    </Translation>
    <Translation>
      <Keyword>AO.Country</Keyword>
      <Text>Angola</Text>
    </Translation>
    <Translation>
      <Keyword>AQ.Country</Keyword>
      <Text>Antarctica</Text>
    </Translation>
    <Translation>
      <Keyword>AR.Country</Keyword>
      <Text>Argentina</Text>
    </Translation>
    <Translation>
      <Keyword>AS.Country</Keyword>
      <Text>American Samoa</Text>
    </Translation>
    <Translation>
      <Keyword>AU.Country</Keyword>
      <Text>Australia</Text>
    </Translation>
    <Translation>
      <Keyword>AW.Country</Keyword>
      <Text>Aruba</Text>
    </Translation>
    <Translation>
      <Keyword>AX.Country</Keyword>
      <Text>Aland Islands</Text>
    </Translation>
    <Translation>
      <Keyword>AZ.Country</Keyword>
      <Text>Azerbaijan</Text>
    </Translation>
    <Translation>
      <Keyword>BA.Country</Keyword>
      <Text>Bosnia and Herzegovina</Text>
    </Translation>
    <Translation>
      <Keyword>BB.Country</Keyword>
      <Text>Barbados</Text>
    </Translation>
    <Translation>
      <Keyword>BD.Country</Keyword>
      <Text>Bangladesh</Text>
    </Translation>
    <Translation>
      <Keyword>BE.Country</Keyword>
      <Text>Belgium</Text>
    </Translation>
    <Translation>
      <Keyword>BF.Country</Keyword>
      <Text>Burkina Faso</Text>
    </Translation>
    <Translation>
      <Keyword>BG.Country</Keyword>
      <Text>Bulgaria</Text>
    </Translation>
    <Translation>
      <Keyword>BH.Country</Keyword>
      <Text>Bahrain</Text>
    </Translation>
    <Translation>
      <Keyword>BI.Country</Keyword>
      <Text>Burundi</Text>
    </Translation>
    <Translation>
      <Keyword>BJ.Country</Keyword>
      <Text>Benin</Text>
    </Translation>
    <Translation>
      <Keyword>BL.Country</Keyword>
      <Text>Saint Barthelemy</Text>
    </Translation>
    <Translation>
      <Keyword>BM.Country</Keyword>
      <Text>Bermuda</Text>
    </Translation>
    <Translation>
      <Keyword>BN.Country</Keyword>
      <Text>Brunei</Text>
    </Translation>
    <Translation>
      <Keyword>BO.Country</Keyword>
      <Text>Bolivia</Text>
    </Translation>
    <Translation>
      <Keyword>BQ.Country</Keyword>
      <Text>Bonaire, Saint Eustatius and Saba </Text>
    </Translation>
    <Translation>
      <Keyword>BR.Country</Keyword>
      <Text>Brazil</Text>
    </Translation>
    <Translation>
      <Keyword>BS.Country</Keyword>
      <Text>Bahamas</Text>
    </Translation>
    <Translation>
      <Keyword>BT.Country</Keyword>
      <Text>Bhutan</Text>
    </Translation>
    <Translation>
      <Keyword>BV.Country</Keyword>
      <Text>Bouvet Island</Text>
    </Translation>
    <Translation>
      <Keyword>BW.Country</Keyword>
      <Text>Botswana</Text>
    </Translation>
    <Translation>
      <Keyword>BY.Country</Keyword>
      <Text>Belarus</Text>
    </Translation>
    <Translation>
      <Keyword>BZ.Country</Keyword>
      <Text>Belize</Text>
    </Translation>
    <Translation>
      <Keyword>CC.Country</Keyword>
      <Text>Cocos Islands</Text>
    </Translation>
    <Translation>
      <Keyword>CD.Country</Keyword>
      <Text>Democratic Republic of the Congo</Text>
    </Translation>
    <Translation>
      <Keyword>CF.Country</Keyword>
      <Text>Central African Republic</Text>
    </Translation>
    <Translation>
      <Keyword>CG.Country</Keyword>
      <Text>Republic of the Congo</Text>
    </Translation>
    <Translation>
      <Keyword>CI.Country</Keyword>
      <Text>Ivory Coast</Text>
    </Translation>
    <Translation>
      <Keyword>CK.Country</Keyword>
      <Text>Cook Islands</Text>
    </Translation>
    <Translation>
      <Keyword>CL.Country</Keyword>
      <Text>Chile</Text>
    </Translation>
    <Translation>
      <Keyword>CM.Country</Keyword>
      <Text>Cameroon</Text>
    </Translation>
    <Translation>
      <Keyword>CN.Country</Keyword>
      <Text>China</Text>
    </Translation>
    <Translation>
      <Keyword>CO.Country</Keyword>
      <Text>Colombia</Text>
    </Translation>
    <Translation>
      <Keyword>CR.Country</Keyword>
      <Text>Costa Rica</Text>
    </Translation>
    <Translation>
      <Keyword>CU.Country</Keyword>
      <Text>Cuba</Text>
    </Translation>
    <Translation>
      <Keyword>CV.Country</Keyword>
      <Text>Cape Verde</Text>
    </Translation>
    <Translation>
      <Keyword>CW.Country</Keyword>
      <Text>Curacao</Text>
    </Translation>
    <Translation>
      <Keyword>CX.Country</Keyword>
      <Text>Christmas Island</Text>
    </Translation>
    <Translation>
      <Keyword>CY.Country</Keyword>
      <Text>Cyprus</Text>
    </Translation>
    <Translation>
      <Keyword>CZ.Country</Keyword>
      <Text>Czech Republic</Text>
    </Translation>
    <Translation>
      <Keyword>DJ.Country</Keyword>
      <Text>Djibouti</Text>
    </Translation>
    <Translation>
      <Keyword>DK.Country</Keyword>
      <Text>Denmark</Text>
    </Translation>
    <Translation>
      <Keyword>DM.Country</Keyword>
      <Text>Dominica</Text>
    </Translation>
    <Translation>
      <Keyword>DO.Country</Keyword>
      <Text>Dominican Republic</Text>
    </Translation>
    <Translation>
      <Keyword>DZ.Country</Keyword>
      <Text>Algeria</Text>
    </Translation>
    <Translation>
      <Keyword>EC.Country</Keyword>
      <Text>Ecuador</Text>
    </Translation>
    <Translation>
      <Keyword>EE.Country</Keyword>
      <Text>Estonia</Text>
    </Translation>
    <Translation>
      <Keyword>EG.Country</Keyword>
      <Text>Egypt</Text>
    </Translation>
    <Translation>
      <Keyword>EH.Country</Keyword>
      <Text>Western Sahara</Text>
    </Translation>
    <Translation>
      <Keyword>ER.Country</Keyword>
      <Text>Eritrea</Text>
    </Translation>
    <Translation>
      <Keyword>ET.Country</Keyword>
      <Text>Ethiopia</Text>
    </Translation>
    <Translation>
      <Keyword>FI.Country</Keyword>
      <Text>Finland</Text>
    </Translation>
    <Translation>
      <Keyword>FJ.Country</Keyword>
      <Text>Fiji</Text>
    </Translation>
    <Translation>
      <Keyword>FK.Country</Keyword>
      <Text>Falkland Islands</Text>
    </Translation>
    <Translation>
      <Keyword>FM.Country</Keyword>
      <Text>Micronesia</Text>
    </Translation>
    <Translation>
      <Keyword>FO.Country</Keyword>
      <Text>Faroe Islands</Text>
    </Translation>
    <Translation>
      <Keyword>GA.Country</Keyword>
      <Text>Gabon</Text>
    </Translation>
    <Translation>
      <Keyword>GB.Country</Keyword>
      <Text>United Kingdom</Text>
    </Translation>
    <Translation>
      <Keyword>GD.Country</Keyword>
      <Text>Grenada</Text>
    </Translation>
    <Translation>
      <Keyword>GE.Country</Keyword>
      <Text>Georgia</Text>
    </Translation>
    <Translation>
      <Keyword>GF.Country</Keyword>
      <Text>French Guiana</Text>
    </Translation>
    <Translation>
      <Keyword>GG.Country</Keyword>
      <Text>Guernsey</Text>
    </Translation>
    <Translation>
      <Keyword>GH.Country</Keyword>
      <Text>Ghana</Text>
    </Translation>
    <Translation>
      <Keyword>GI.Country</Keyword>
      <Text>Gibraltar</Text>
    </Translation>
    <Translation>
      <Keyword>GL.Country</Keyword>
      <Text>Greenland</Text>
    </Translation>
    <Translation>
      <Keyword>GM.Country</Keyword>
      <Text>Gambia</Text>
    </Translation>
    <Translation>
      <Keyword>GN.Country</Keyword>
      <Text>Guinea</Text>
    </Translation>
    <Translation>
      <Keyword>GP.Country</Keyword>
      <Text>Guadeloupe</Text>
    </Translation>
    <Translation>
      <Keyword>GQ.Country</Keyword>
      <Text>Equatorial Guinea</Text>
    </Translation>
    <Translation>
      <Keyword>GR.Country</Keyword>
      <Text>Greece</Text>
    </Translation>
    <Translation>
      <Keyword>GS.Country</Keyword>
      <Text>South Georgia and the South Sandwich Islands</Text>
    </Translation>
    <Translation>
      <Keyword>GT.Country</Keyword>
      <Text>Guatemala</Text>
    </Translation>
    <Translation>
      <Keyword>GU.Country</Keyword>
      <Text>Guam</Text>
    </Translation>
    <Translation>
      <Keyword>GW.Country</Keyword>
      <Text>Guinea-Bissau</Text>
    </Translation>
    <Translation>
      <Keyword>GY.Country</Keyword>
      <Text>Guyana</Text>
    </Translation>
    <Translation>
      <Keyword>HK.Country</Keyword>
      <Text>Hong Kong</Text>
    </Translation>
    <Translation>
      <Keyword>HM.Country</Keyword>
      <Text>Heard Island and McDonald Islands</Text>
    </Translation>
    <Translation>
      <Keyword>HN.Country</Keyword>
      <Text>Honduras</Text>
    </Translation>
    <Translation>
      <Keyword>HR.Country</Keyword>
      <Text>Croatia</Text>
    </Translation>
    <Translation>
      <Keyword>HT.Country</Keyword>
      <Text>Haiti</Text>
    </Translation>
    <Translation>
      <Keyword>ID.Country</Keyword>
      <Text>Indonesia</Text>
    </Translation>
    <Translation>
      <Keyword>IE.Country</Keyword>
      <Text>Ireland</Text>
    </Translation>
    <Translation>
      <Keyword>IL.Country</Keyword>
      <Text>Israel</Text>
    </Translation>
    <Translation>
      <Keyword>IM.Country</Keyword>
      <Text>Isle of Man</Text>
    </Translation>
    <Translation>
      <Keyword>IN.Country</Keyword>
      <Text>India</Text>
    </Translation>
    <Translation>
      <Keyword>IO.Country</Keyword>
      <Text>British Indian Ocean Territory</Text>
    </Translation>
    <Translation>
      <Keyword>IQ.Country</Keyword>
      <Text>Iraq</Text>
    </Translation>
    <Translation>
      <Keyword>IR.Country</Keyword>
      <Text>Iran</Text>
    </Translation>
    <Translation>
      <Keyword>IS.Country</Keyword>
      <Text>Iceland</Text>
    </Translation>
    <Translation>
      <Keyword>JE.Country</Keyword>
      <Text>Jersey</Text>
    </Translation>
    <Translation>
      <Keyword>JM.Country</Keyword>
      <Text>Jamaica</Text>
    </Translation>
    <Translation>
      <Keyword>JO.Country</Keyword>
      <Text>Jordan</Text>
    </Translation>
    <Translation>
      <Keyword>JP.Country</Keyword>
      <Text>Japan</Text>
    </Translation>
    <Translation>
      <Keyword>KE.Country</Keyword>
      <Text>Kenya</Text>
    </Translation>
    <Translation>
      <Keyword>KG.Country</Keyword>
      <Text>Kyrgyzstan</Text>
    </Translation>
    <Translation>
      <Keyword>KH.Country</Keyword>
      <Text>Cambodia</Text>
    </Translation>
    <Translation>
      <Keyword>KI.Country</Keyword>
      <Text>Kiribati</Text>
    </Translation>
    <Translation>
      <Keyword>KM.Country</Keyword>
      <Text>Comoros</Text>
    </Translation>
    <Translation>
      <Keyword>KN.Country</Keyword>
      <Text>Saint Kitts and Nevis</Text>
    </Translation>
    <Translation>
      <Keyword>KP.Country</Keyword>
      <Text>North Korea</Text>
    </Translation>
    <Translation>
      <Keyword>KR.Country</Keyword>
      <Text>South Korea</Text>
    </Translation>
    <Translation>
      <Keyword>XK.Country</Keyword>
      <Text>Kosovo</Text>
    </Translation>
    <Translation>
      <Keyword>KW.Country</Keyword>
      <Text>Kuwait</Text>
    </Translation>
    <Translation>
      <Keyword>KY.Country</Keyword>
      <Text>Cayman Islands</Text>
    </Translation>
    <Translation>
      <Keyword>KZ.Country</Keyword>
      <Text>Kazakhstan</Text>
    </Translation>
    <Translation>
      <Keyword>LA.Country</Keyword>
      <Text>Laos</Text>
    </Translation>
    <Translation>
      <Keyword>LB.Country</Keyword>
      <Text>Lebanon</Text>
    </Translation>
    <Translation>
      <Keyword>LC.Country</Keyword>
      <Text>Saint Lucia</Text>
    </Translation>
    <Translation>
      <Keyword>LI.Country</Keyword>
      <Text>Liechtenstein</Text>
    </Translation>
    <Translation>
      <Keyword>LK.Country</Keyword>
      <Text>Sri Lanka</Text>
    </Translation>
    <Translation>
      <Keyword>LR.Country</Keyword>
      <Text>Liberia</Text>
    </Translation>
    <Translation>
      <Keyword>LS.Country</Keyword>
      <Text>Lesotho</Text>
    </Translation>
    <Translation>
      <Keyword>LT.Country</Keyword>
      <Text>Lithuania</Text>
    </Translation>
    <Translation>
      <Keyword>LU.Country</Keyword>
      <Text>Luxembourg</Text>
    </Translation>
    <Translation>
      <Keyword>LV.Country</Keyword>
      <Text>Latvia</Text>
    </Translation>
    <Translation>
      <Keyword>LY.Country</Keyword>
      <Text>Libya</Text>
    </Translation>
    <Translation>
      <Keyword>MA.Country</Keyword>
      <Text>Morocco</Text>
    </Translation>
    <Translation>
      <Keyword>MC.Country</Keyword>
      <Text>Monaco</Text>
    </Translation>
    <Translation>
      <Keyword>MD.Country</Keyword>
      <Text>Moldova</Text>
    </Translation>
    <Translation>
      <Keyword>ME.Country</Keyword>
      <Text>Montenegro</Text>
    </Translation>
    <Translation>
      <Keyword>MF.Country</Keyword>
      <Text>Saint Martin</Text>
    </Translation>
    <Translation>
      <Keyword>MG.Country</Keyword>
      <Text>Madagascar</Text>
    </Translation>
    <Translation>
      <Keyword>MH.Country</Keyword>
      <Text>Marshall Islands</Text>
    </Translation>
    <Translation>
      <Keyword>MK.Country</Keyword>
      <Text>Macedonia</Text>
    </Translation>
    <Translation>
      <Keyword>ML.Country</Keyword>
      <Text>Mali</Text>
    </Translation>
    <Translation>
      <Keyword>MM.Country</Keyword>
      <Text>Myanmar</Text>
    </Translation>
    <Translation>
      <Keyword>MN.Country</Keyword>
      <Text>Mongolia</Text>
    </Translation>
    <Translation>
      <Keyword>MO.Country</Keyword>
      <Text>Macao</Text>
    </Translation>
    <Translation>
      <Keyword>MP.Country</Keyword>
      <Text>Northern Mariana Islands</Text>
    </Translation>
    <Translation>
      <Keyword>MQ.Country</Keyword>
      <Text>Martinique</Text>
    </Translation>
    <Translation>
      <Keyword>MR.Country</Keyword>
      <Text>Mauritania</Text>
    </Translation>
    <Translation>
      <Keyword>MS.Country</Keyword>
      <Text>Montserrat</Text>
    </Translation>
    <Translation>
      <Keyword>MT.Country</Keyword>
      <Text>Malta</Text>
    </Translation>
    <Translation>
      <Keyword>MU.Country</Keyword>
      <Text>Mauritius</Text>
    </Translation>
    <Translation>
      <Keyword>MV.Country</Keyword>
      <Text>Maldives</Text>
    </Translation>
    <Translation>
      <Keyword>MW.Country</Keyword>
      <Text>Malawi</Text>
    </Translation>
    <Translation>
      <Keyword>MX.Country</Keyword>
      <Text>Mexico</Text>
    </Translation>
    <Translation>
      <Keyword>MY.Country</Keyword>
      <Text>Malaysia</Text>
    </Translation>
    <Translation>
      <Keyword>MZ.Country</Keyword>
      <Text>Mozambique</Text>
    </Translation>
    <Translation>
      <Keyword>NA.Country</Keyword>
      <Text>Namibia</Text>
    </Translation>
    <Translation>
      <Keyword>NC.Country</Keyword>
      <Text>New Caledonia</Text>
    </Translation>
    <Translation>
      <Keyword>NE.Country</Keyword>
      <Text>Niger</Text>
    </Translation>
    <Translation>
      <Keyword>NF.Country</Keyword>
      <Text>Norfolk Island</Text>
    </Translation>
    <Translation>
      <Keyword>NG.Country</Keyword>
      <Text>Nigeria</Text>
    </Translation>
    <Translation>
      <Keyword>NI.Country</Keyword>
      <Text>Nicaragua</Text>
    </Translation>
    <Translation>
      <Keyword>NL.Country</Keyword>
      <Text>Netherlands</Text>
    </Translation>
    <Translation>
      <Keyword>NO.Country</Keyword>
      <Text>Norway</Text>
    </Translation>
    <Translation>
      <Keyword>NP.Country</Keyword>
      <Text>Nepal</Text>
    </Translation>
    <Translation>
      <Keyword>NR.Country</Keyword>
      <Text>Nauru</Text>
    </Translation>
    <Translation>
      <Keyword>NU.Country</Keyword>
      <Text>Niue</Text>
    </Translation>
    <Translation>
      <Keyword>NZ.Country</Keyword>
      <Text>New Zealand</Text>
    </Translation>
    <Translation>
      <Keyword>OM.Country</Keyword>
      <Text>Oman</Text>
    </Translation>
    <Translation>
      <Keyword>PA.Country</Keyword>
      <Text>Panama</Text>
    </Translation>
    <Translation>
      <Keyword>PE.Country</Keyword>
      <Text>Peru</Text>
    </Translation>
    <Translation>
      <Keyword>PF.Country</Keyword>
      <Text>French Polynesia</Text>
    </Translation>
    <Translation>
      <Keyword>PG.Country</Keyword>
      <Text>Papua New Guinea</Text>
    </Translation>
    <Translation>
      <Keyword>PH.Country</Keyword>
      <Text>Philippines</Text>
    </Translation>
    <Translation>
      <Keyword>PK.Country</Keyword>
      <Text>Pakistan</Text>
    </Translation>
    <Translation>
      <Keyword>PL.Country</Keyword>
      <Text>Poland</Text>
    </Translation>
    <Translation>
      <Keyword>PM.Country</Keyword>
      <Text>Saint Pierre and Miquelon</Text>
    </Translation>
    <Translation>
      <Keyword>PN.Country</Keyword>
      <Text>Pitcairn</Text>
    </Translation>
    <Translation>
      <Keyword>PR.Country</Keyword>
      <Text>Puerto Rico</Text>
    </Translation>
    <Translation>
      <Keyword>PS.Country</Keyword>
      <Text>Palestinian Territory</Text>
    </Translation>
    <Translation>
      <Keyword>PW.Country</Keyword>
      <Text>Palau</Text>
    </Translation>
    <Translation>
      <Keyword>PY.Country</Keyword>
      <Text>Paraguay</Text>
    </Translation>
    <Translation>
      <Keyword>QA.Country</Keyword>
      <Text>Qatar</Text>
    </Translation>
    <Translation>
      <Keyword>RE.Country</Keyword>
      <Text>Reunion</Text>
    </Translation>
    <Translation>
      <Keyword>RO.Country</Keyword>
      <Text>Romania</Text>
    </Translation>
    <Translation>
      <Keyword>RS.Country</Keyword>
      <Text>Serbia</Text>
    </Translation>
    <Translation>
      <Keyword>RW.Country</Keyword>
      <Text>Rwanda</Text>
    </Translation>
    <Translation>
      <Keyword>SA.Country</Keyword>
      <Text>Saudi Arabia</Text>
    </Translation>
    <Translation>
      <Keyword>SB.Country</Keyword>
      <Text>Solomon Islands</Text>
    </Translation>
    <Translation>
      <Keyword>SC.Country</Keyword>
      <Text>Seychelles</Text>
    </Translation>
    <Translation>
      <Keyword>SD.Country</Keyword>
      <Text>Sudan</Text>
    </Translation>
    <Translation>
      <Keyword>SS.Country</Keyword>
      <Text>South Sudan</Text>
    </Translation>
    <Translation>
      <Keyword>SE.Country</Keyword>
      <Text>Sweden</Text>
    </Translation>
    <Translation>
      <Keyword>SG.Country</Keyword>
      <Text>Singapore</Text>
    </Translation>
    <Translation>
      <Keyword>SH.Country</Keyword>
      <Text>Saint Helena</Text>
    </Translation>
    <Translation>
      <Keyword>SI.Country</Keyword>
      <Text>Slovenia</Text>
    </Translation>
    <Translation>
      <Keyword>SJ.Country</Keyword>
      <Text>Svalbard and Jan Mayen</Text>
    </Translation>
    <Translation>
      <Keyword>SK.Country</Keyword>
      <Text>Slovakia</Text>
    </Translation>
    <Translation>
      <Keyword>SL.Country</Keyword>
      <Text>Sierra Leone</Text>
    </Translation>
    <Translation>
      <Keyword>SM.Country</Keyword>
      <Text>San Marino</Text>
    </Translation>
    <Translation>
      <Keyword>SN.Country</Keyword>
      <Text>Senegal</Text>
    </Translation>
    <Translation>
      <Keyword>SO.Country</Keyword>
      <Text>Somalia</Text>
    </Translation>
    <Translation>
      <Keyword>SR.Country</Keyword>
      <Text>Suriname</Text>
    </Translation>
    <Translation>
      <Keyword>ST.Country</Keyword>
      <Text>Sao Tome and Principe</Text>
    </Translation>
    <Translation>
      <Keyword>SV.Country</Keyword>
      <Text>El Salvador</Text>
    </Translation>
    <Translation>
      <Keyword>SX.Country</Keyword>
      <Text>Sint Maarten</Text>
    </Translation>
    <Translation>
      <Keyword>SY.Country</Keyword>
      <Text>Syria</Text>
    </Translation>
    <Translation>
      <Keyword>SZ.Country</Keyword>
      <Text>Swaziland</Text>
    </Translation>
    <Translation>
      <Keyword>TC.Country</Keyword>
      <Text>Turks and Caicos Islands</Text>
    </Translation>
    <Translation>
      <Keyword>TD.Country</Keyword>
      <Text>Chad</Text>
    </Translation>
    <Translation>
      <Keyword>TF.Country</Keyword>
      <Text>French Southern Territories</Text>
    </Translation>
    <Translation>
      <Keyword>TG.Country</Keyword>
      <Text>Togo</Text>
    </Translation>
    <Translation>
      <Keyword>TH.Country</Keyword>
      <Text>Thailand</Text>
    </Translation>
    <Translation>
      <Keyword>TJ.Country</Keyword>
      <Text>Tajikistan</Text>
    </Translation>
    <Translation>
      <Keyword>TK.Country</Keyword>
      <Text>Tokelau</Text>
    </Translation>
    <Translation>
      <Keyword>TL.Country</Keyword>
      <Text>East Timor</Text>
    </Translation>
    <Translation>
      <Keyword>TM.Country</Keyword>
      <Text>Turkmenistan</Text>
    </Translation>
    <Translation>
      <Keyword>TN.Country</Keyword>
      <Text>Tunisia</Text>
    </Translation>
    <Translation>
      <Keyword>TO.Country</Keyword>
      <Text>Tonga</Text>
    </Translation>
    <Translation>
      <Keyword>TR.Country</Keyword>
      <Text>Turkey</Text>
    </Translation>
    <Translation>
      <Keyword>TT.Country</Keyword>
      <Text>Trinidad and Tobago</Text>
    </Translation>
    <Translation>
      <Keyword>TV.Country</Keyword>
      <Text>Tuvalu</Text>
    </Translation>
    <Translation>
      <Keyword>TW.Country</Keyword>
      <Text>Taiwan</Text>
    </Translation>
    <Translation>
      <Keyword>TZ.Country</Keyword>
      <Text>Tanzania</Text>
    </Translation>
    <Translation>
      <Keyword>UA.Country</Keyword>
      <Text>Ukraine</Text>
    </Translation>
    <Translation>
      <Keyword>UG.Country</Keyword>
      <Text>Uganda</Text>
    </Translation>
    <Translation>
      <Keyword>UM.Country</Keyword>
      <Text>United States Minor Outlying Islands</Text>
    </Translation>
    <Translation>
      <Keyword>UY.Country</Keyword>
      <Text>Uruguay</Text>
    </Translation>
    <Translation>
      <Keyword>UZ.Country</Keyword>
      <Text>Uzbekistan</Text>
    </Translation>
    <Translation>
      <Keyword>VA.Country</Keyword>
      <Text>Vatican</Text>
    </Translation>
    <Translation>
      <Keyword>VC.Country</Keyword>
      <Text>Saint Vincent and the Grenadines</Text>
    </Translation>
    <Translation>
      <Keyword>VE.Country</Keyword>
      <Text>Venezuela</Text>
    </Translation>
    <Translation>
      <Keyword>VG.Country</Keyword>
      <Text>British Virgin Islands</Text>
    </Translation>
    <Translation>
      <Keyword>VI.Country</Keyword>
      <Text>U.S. Virgin Islands</Text>
    </Translation>
    <Translation>
      <Keyword>VN.Country</Keyword>
      <Text>Vietnam</Text>
    </Translation>
    <Translation>
      <Keyword>VU.Country</Keyword>
      <Text>Vanuatu</Text>
    </Translation>
    <Translation>
      <Keyword>WF.Country</Keyword>
      <Text>Wallis and Futuna</Text>
    </Translation>
    <Translation>
      <Keyword>WS.Country</Keyword>
      <Text>Samoa</Text>
    </Translation>
    <Translation>
      <Keyword>YE.Country</Keyword>
      <Text>Yemen</Text>
    </Translation>
    <Translation>
      <Keyword>YT.Country</Keyword>
      <Text>Mayotte</Text>
    </Translation>
    <Translation>
      <Keyword>ZA.Country</Keyword>
      <Text>South Africa</Text>
    </Translation>
    <Translation>
      <Keyword>ZM.Country</Keyword>
      <Text>Zambia</Text>
    </Translation>
    <Translation>
      <Keyword>ZW.Country</Keyword>
      <Text>Zimbabwe</Text>
    </Translation>
    <Translation>
      <Keyword>CS.Country</Keyword>
      <Text>Serbia and Montenegro</Text>
    </Translation>
    <Translation>
      <Keyword>AN.Country</Keyword>
      <Text>Netherlands Antilles</Text>
    </Translation>
  </Translations>
</TranslationContainer>