﻿<?xml version="1.0" encoding="utf-8"?>
<TranslationContainer>
  <Translations>
    <!--
<Translation>
<Keyword></Keyword>
<Text></Text>
</Translation>
-->
    <Translation>
      <Keyword>DentalDB.Open.Help</Keyword>
      <Text>Zirkonzahn.Help</Text>
    </Translation>
    <Translation>
      <Keyword>DentalDB.UI.Main.Grouping.PatientScanData</Keyword>
      <Text>Scans</Text>
    </Translation>
    <Translation>
      <Keyword>DentalDB.UI.Main.Extras</Keyword>
      <Text>Extras</Text>
    </Translation>
    <Translation>
      <Keyword>NewPatient</Keyword>
      <Text>New patient</Text>
    </Translation>
    <Translation>
      <Keyword>SelectPatient</Keyword>
      <Text>Select patient</Text>
    </Translation>
    <Translation>
      <Keyword>RemovePatient</Keyword>
      <Text>Delete patient</Text>
    </Translation>
    <Translation>
      <Keyword>SavePatient</Keyword>
      <Text>Save patient</Text>
    </Translation>
    <Translation>
      <Keyword>SaveTechnician</Keyword>
      <Text>Save technician</Text>
    </Translation>
    <Translation>
      <Keyword>RemoveTechnician</Keyword>
      <Text>Delete technician</Text>
    </Translation>
    <Translation>
      <Keyword>NewTechnician</Keyword>
      <Text>New technician</Text>
    </Translation>
    <Translation>
      <Keyword>NewPractice</Keyword>
      <Text>New customer</Text>
    </Translation>
    <Translation>
      <Keyword>RemovePractice</Keyword>
      <Text>Delete customer</Text>
    </Translation>
    <Translation>
      <Keyword>SavePractice</Keyword>
      <Text>Save customer</Text>
    </Translation>
    <Translation>
      <Keyword>DentalDB.UI.Practice.RemoveClient</Keyword>
      <Text>Delete customer - all Works will be deleted.</Text>
    </Translation>
    <Translation>
      <Keyword>DentalDB.UI.Patient.Firstname</Keyword>
      <Text>First name</Text>
    </Translation>
    <Translation>
      <Keyword>DentalDB.UI.Patient.Surname</Keyword>
      <Text>Last name</Text>
    </Translation>
    <Translation>
      <Keyword>DentalDB.UI.Practice.PracticeCab</Keyword>
      <Text>CAB</Text>
    </Translation>
    <Translation>
      <Keyword>DentalDB.UI.Practice.PracticeCityOnly</Keyword>
      <Text>City</Text>
    </Translation>
    <Translation>
      <Keyword>DentalDB.UI.Technician.TechnicianId_short</Keyword>
      <Text>Tech. ID</Text>
    </Translation>
    <Translation>
      <Keyword>DentalDB.UI.Treatment.Preview</Keyword>
      <Text>Preview</Text>
    </Translation>
    <Translation>
      <Keyword>DentalDB.UI.Treatment.Action</Keyword>
      <Text>Action</Text>
    </Translation>
    <Translation>
      <Keyword>DentalDB.UI.Treatment.ParameterName</Keyword>
      <Text>Parameter name</Text>
    </Translation>
    <Translation>
      <Keyword>DentalDB.Messages.RemoveAction.Client.EditedByOther</Keyword>
      <Text>
Client used by job that is currently locked by some user.
        If you edit any job, using current client - please close it first.
        Try later.
     </Text>
    </Translation>
    <Translation>
      <Keyword>DentalDB.Messages.RemoveAction.Patient.EditedByOther</Keyword>
      <Text>
        Patient used by job that is currently locked by some user.
        If you edit any job, using current patient - please close it     first.
        Try later.
     </Text>
    </Translation>
    <Translation>
      <Keyword>DentalDB.Treatment.ReleaseAllLocksQuestion</Keyword>
      <Text>This will Remove all locks from the Treatments.
Please make sure that the Database is not used from another pc and no treatment is loaded in this PC.
Attention - this cannot be undone.</Text>
    </Translation>
    <Translation>
      <Keyword>DentalDB.Treatment.ReleasedCount</Keyword>
      <Text>There were {0} locked Treatments relased</Text>
    </Translation>
    <Translation>
      <Keyword>DentalDB.Messages.RemoveAction.Technician.InUse_noDelete</Keyword>
      <Text>A Treatment exists using this Tecnician. In this case, this Tecnician cannot be deleted.</Text>
    </Translation>
    <Translation>
      <Keyword>ToothColor.SelectedColor</Keyword>
      <Text>Selected tooth shade: {0}</Text>
    </Translation>
    <Translation>
      <Keyword>CrownBlockoutAngle.Parameter</Keyword>
      <Text>Blockout Angle</Text>
    </Translation>
    <Translation>
      <Keyword>DentalDB.UI.Search.Filter</Keyword>
      <Text>Filter by date and projects</Text>
    </Translation>
    <Translation>
      <Keyword>InlayAdditionalSpacing.Parameter</Keyword>
      <Text>Inlay Add. distance</Text>
    </Translation>
    <Translation>
      <Keyword>MaterialSelection</Keyword>
      <Text>Select material</Text>
    </Translation>
    <Translation>
      <Keyword>BiteSplintThicknessOcclusal.Parameter</Keyword>
      <Text>Occlusal thickness</Text>
    </Translation>
    <Translation>
      <Keyword>MultiDie.MultiDiePlateFileNotFound</Keyword>
      <Text>
Could not load multi die plate {0}. Please make sure that
the file {0}.dll exists and is in the same directory as
the DentalDB.exe.
</Text>
    </Translation>
    <Translation>
      <Keyword>NoWorkParamsDBFound</Keyword>
      <Text>Work parameter database not found. Application will be terminated.</Text>
    </Translation>
    <Translation>
      <Keyword>Close</Keyword>
      <Text>Close</Text>
    </Translation>
    <Translation>
      <Keyword>UsernamePasswordWindow</Keyword>
      <Text>Access dates</Text>
    </Translation>
    <Translation>
      <Keyword>PreManufacturedCrown.WorkDescription</Keyword>
      <Text>Preform crown</Text>
    </Translation>
    <Translation>
      <Keyword>DentalDB.Help.Workflow.ResaveJobToSwitchToRegJaws</Keyword>
      <Text>Current scan mode is not supported in this version.
Resave job to switch to "Two stone models"</Text>
    </Translation>
    <Translation>
      <Keyword>CAM</Keyword>
      <Text>Manufacture</Text>
    </Translation>
    <Translation>
      <Keyword>DentalDB.IOMode.EnforceRegisteredJawsOptionEnabledWarning</Keyword>
      <Text>Current job scan mode differs from single supported scan mode "Two stone models, in occlusion" in this build.
In order to use all features you will need to resave the job and switch to "Two stone models, in occlusion" scan mode while saving.</Text>
    </Translation>
    <Translation>
      <Keyword>DentalDB.IOMode.EnforceRegisteredJawsOptionEnabledQuestion</Keyword>
      <Text>In current build only "Two stone models, in occlusion" scan mode is supported.
Do you really want to switch scan mode to "Two stone models, in occlusion"?</Text>
    </Translation>
    <Translation>
      <Keyword>DentalDB.IOMode.EnforceRegisteredJawsOptionEnabled_Yes</Keyword>
      <Text>Yes</Text>
    </Translation>
    <Translation>
      <Keyword>DentalDB.IOMode.EnforceRegisteredJawsOptionEnabled_Yes.Description</Keyword>
      <Text>Switch scan mode to "Two stone models, in occlusion". All features will be available.</Text>
    </Translation>
    <Translation>
      <Keyword>DentalDB.IOMode.EnforceRegisteredJawsOptionEnabled_No</Keyword>
      <Text>No</Text>
    </Translation>
    <Translation>
      <Keyword>DentalDB.IOMode.EnforceRegisteredJawsOptionEnabled_Cancel</Keyword>
      <Text>Cancel</Text>
    </Translation>
    <Translation>
      <Keyword>ScanImplantPos</Keyword>
      <Text>Scan implants</Text>
    </Translation>
    <Translation>
      <Keyword>InvalidJobData</Keyword>
      <Text>Invalid input</Text>
    </Translation>
    <Translation>
      <Keyword>MushBiteOneJawAntaOrHealthyRequired</Keyword>
      <Text>Simultaneous design in upper- and lower jaw is not possible in the selected scan mode.
Please change the scan mode, or chose a project definition that defines reconstructions in either upper- or lower jaw, but not in both.</Text>
    </Translation>
    <Translation>
      <Keyword>DentalDB.UI.Main.Treatment.DentalShareUpload</Keyword>
      <Text>dentalshare</Text>
    </Translation>
    <Translation>
      <Keyword>Modellier.ToolTip</Keyword>
      <Text>Open Modellier</Text>
    </Translation>
    <Translation>
      <Keyword>ModelMaker</Keyword>
      <Text>Model Maker</Text>
    </Translation>
    <Translation>
      <Keyword>ModelMaker.ToolTip</Keyword>
      <Text>Open Model Maker</Text>
    </Translation>
    <Translation>
      <Keyword>Oral Scan.ToolTip</Keyword>
      <Text>Open Oral Scanner</Text>
    </Translation>
    <Translation>
      <Keyword>Scan.ToolTip</Keyword>
      <Text>Open Scanner</Text>
    </Translation>
    <Translation>
      <Keyword>MultiDiePlugin.GC</Keyword>
      <Text>GC plate</Text>
    </Translation>
    <Translation>
      <Keyword>MultiDiePlugin.SBL</Keyword>
      <Text>Steinbichler ST II plate</Text>
    </Translation>
    <Translation>
      <Keyword>MultiDiePlugin.SBL_ST1</Keyword>
      <Text>Steinbichler ST plate</Text>
    </Translation>
    <Translation>
      <Keyword>MultiDiePlugin.AG</Keyword>
      <Text>Amann Girrbach plate</Text>
    </Translation>
    <Translation>
      <Keyword>MultiDiePlugin.SingleDie</Keyword>
      <Text>Single die plate</Text>
    </Translation>
    <Translation>
      <Keyword>DentalShareUploadTreatment.ToolTip</Keyword>
      <Text>upload data using dentalshare</Text>
    </Translation>
    <Translation>
      <Keyword>DentalShareAskShowImportedTreatment</Keyword>
      <Text>You have a new treatment '{0}' received from '{1}' using dentalshare. Do you want to open it?</Text>
    </Translation>
    <Translation>
      <Keyword>DentalShareAskShowImportedTreatment.Show</Keyword>
      <Text>Yes</Text>
    </Translation>
    <Translation>
      <Keyword>DentalShareAskShowImportedTreatment.Show.Description</Keyword>
      <Text>Show imported treatment</Text>
    </Translation>
    <Translation>
      <Keyword>DentalShareAskShowImportedTreatment.Cancel</Keyword>
      <Text>No</Text>
    </Translation>
    <Translation>
      <Keyword>DentalShareAskShowImportedTreatment.Cancel.Description</Keyword>
      <Text>No action takes place</Text>
    </Translation>
    <Translation>
      <Keyword>DentalShare.TrayIcon.Tip</Keyword>
      <Text>Double Click for further options</Text>
    </Translation>
    <Translation>
      <Keyword>DentalShare.UserName</Keyword>
      <Text>User name</Text>
    </Translation>
    <Translation>
      <Keyword>DentalShare.Domain</Keyword>
      <Text>Domain</Text>
    </Translation>
    <Translation>
      <Keyword>DentalShare.ProjectName</Keyword>
      <Text>Project name</Text>
    </Translation>
    <Translation>
      <Keyword>DentalShare.NewProjects</Keyword>
      <Text>Projects imported:</Text>
    </Translation>
    <Translation>
      <Keyword>DentalShare.Conflicts</Keyword>
      <Text>Conflicts:</Text>
    </Translation>
    <Translation>
      <Keyword>DentalShare.Info</Keyword>
      <Text>dentalshare info</Text>
    </Translation>
    <Translation>
      <Keyword>DentalShare.RecentlyArrivedJobs</Keyword>
      <Text>dentalshare: new jobs</Text>
    </Translation>
    <Translation>
      <Keyword>DentalShare.JobArrived</Keyword>
      <Text>dentalshare: job arrived</Text>
    </Translation>
    <Translation>
      <Keyword>DentalShare.JobUpdated</Keyword>
      <Text>dentalshare: job updated</Text>
    </Translation>
    <Translation>
      <Keyword>DentalShare.ViewInDentalDB</Keyword>
      <Text>View in DentalDB</Text>
    </Translation>
    <Translation>
      <Keyword>DentalShare.OpenInExplorer</Keyword>
      <Text>Open project folder in explorer</Text>
    </Translation>
    <Translation>
      <Keyword>DentalShare.ShowChanges</Keyword>
      <Text>Show changes in explorer</Text>
    </Translation>
    <Translation>
      <Keyword>DentalShare.RemoveFromArrivedList</Keyword>
      <Text>Remove from list</Text>
    </Translation>
    <Translation>
      <Keyword>DentalShare.ConflictResolvingRequired</Keyword>
      <Text>Resolve conflict</Text>
    </Translation>
    <Translation>
      <Keyword>DentalShare.OverrideExisting</Keyword>
      <Text>Override existing</Text>
    </Translation>
    <Translation>
      <Keyword>DentalShare.KeepExisting</Keyword>
      <Text>Keep existing</Text>
    </Translation>
    <Translation>
      <Keyword>DentalShare.ImportState.Success</Keyword>
      <Text>Job successfully imported</Text>
    </Translation>
    <Translation>
      <Keyword>DentalShare.ImportState.ConflictResolvingRequired</Keyword>
      <Text>Conflict</Text>
    </Translation>
    <Translation>
      <Keyword>DentalDB.Import.Error.DataAlreadyExists</Keyword>
      <Text>Job data files already exist. Please specify which data shall be backup before data will be overriden</Text>
    </Translation>
    <Translation>
      <Keyword>DentalShare.ActionRequired</Keyword>
      <Text>Action required</Text>
    </Translation>
    <Translation>
      <Keyword>ConflictResolvingRequired</Keyword>
      <Text>Conflicts</Text>
    </Translation>
    <Translation>
      <Keyword>Success</Keyword>
      <Text>Successfully imported</Text>
    </Translation>
    <Translation>
      <Keyword>TreatmentLockedByUserError</Keyword>
      <Text>Treatment with id {0} is used by {1}.</Text>
    </Translation>
    <Translation>
      <Keyword>WorkParamsDBProvider</Keyword>
      <Text>Material/parameter configuration</Text>
    </Translation>
    <Translation>
      <Keyword>PrepInspectDefaultMaxAngle.Parameter</Keyword>
      <Text>Prep. inspection: Max Angle</Text>
    </Translation>
    <Translation>
      <Keyword>PrepInspectDefaultMaxDistance.Parameter</Keyword>
      <Text>Prep. inspection: Max Distance</Text>
    </Translation>
    <Translation>
      <Keyword>DentalDB.UI.Practice.More</Keyword>
      <Text>Details</Text>
    </Translation>
    <Translation>
      <Keyword>DentalProjectImport.ImportLocal.ErrorCheckingForProject</Keyword>
      <Text>An error occurred while checking for existing project.
Project id:{0}
Error:
{1}</Text>
    </Translation>
    <Translation>
      <Keyword>DentalProjectImport.ImportLocal.NoPracticeForExistingJob</Keyword>
      <Text>An error occurred while checking for existing project. Existing job has no practice assigned.
Project id:{0}</Text>
    </Translation>
    <Translation>
      <Keyword>MultiDiePlugin.Shining3D</Keyword>
      <Text>Shining3D plate</Text>
    </Translation>
    <Translation>
      <Keyword>MultiDiePlugin.DOF</Keyword>
      <Text>DOF plate</Text>
    </Translation>
    <Translation>
      <Keyword>DentalshareLoginFailed.CreateAccount</Keyword>
      <Text>I don't have a dentalshare account yet</Text>
    </Translation>
    <Translation>
      <Keyword>DentalshareLoginFailed.CreateAccount.Description</Keyword>
      <Text>Click here to sign up for dentalshare</Text>
    </Translation>
    <Translation>
      <Keyword>DentalshareLoginFailed.EnterCredentials</Keyword>
      <Text>Enter username/password</Text>
    </Translation>
    <Translation>
      <Keyword>DentalshareLoginFailed.EnterCredentials.Description</Keyword>
      <Text>If you already have an account</Text>
    </Translation>
    <Translation>
      <Keyword>DentalshareLoginFailed.Cancel</Keyword>
      <Text>Cancel</Text>
    </Translation>
    <Translation>
      <Keyword>DentalshareLoginFailed.Cancel.Description</Keyword>
      <Text>Abort data upload via dentalshare</Text>
    </Translation>
    <Translation>
      <Keyword>DentalShare.ImportState.OverwriteConfirmationRequired</Keyword>
      <Text>Job already exits. Would you like to overwrite it?
 If no, job import will be aborted.</Text>
    </Translation>
    <Translation>
      <Keyword>ValidateProjectBeforeConstructWarning</Keyword>
      <Text>Please check the imported dataset for completeness and correctness before you continue with your construction.</Text>
    </Translation>
    <Translation>
      <Keyword>EditPracticeAdvice</Keyword>
      <Text>Hint</Text>
    </Translation>
    <Translation>
      <Keyword>PracticeSelectionAdvice</Keyword>
      <Text>Hint</Text>
    </Translation>
    <Translation>
      <Keyword>NonUniquePractice</Keyword>
      <Text>Multiple clients with the same name detected.
Please create or select client to use.</Text>
    </Translation>
    <Translation>
      <Keyword>AntagonistType.Value.DigitalImpressionScan</Keyword>
      <Text>Digital impression scan</Text>
    </Translation>
    <Translation>
      <Keyword>ColorAbutment</Keyword>
      <Text>Abutment Color</Text>
    </Translation>
    <Translation>
      <Keyword>TimeInterval.Any</Keyword>
      <Text>Any time</Text>
    </Translation>
    <Translation>
      <Keyword>DentalDB.Help.Workflow.SelectIndication</Keyword>
      <Text>Select indications by clicking on teeth.</Text>
    </Translation>
    <Translation>
      <Keyword>DentalDB.Help.Workflow.SelectIndication.Multidie</Keyword>
      <Text>Select indication by clicking on multi-die pit.</Text>
    </Translation>
    <Translation>
      <Keyword>DentalDB.Help.Workflow.SetPatient</Keyword>
      <Text>Type in patient name, or select existing patient.</Text>
    </Translation>
    <Translation>
      <Keyword>DentalDB.Help.Workflow.SetBatchJob</Keyword>
      <Text>Type in a name for the batch job, or select existing.</Text>
    </Translation>
    <Translation>
      <Keyword>DentalDB.Help.Workflow.SelectActionFromToolbar</Keyword>
      <Text>Select next action from the tool bar on the right.</Text>
    </Translation>
    <Translation>
      <Keyword>DentalDB.Help.Workflow.ResaveJobToSwitchToEnforcedAntagonistType</Keyword>
      <Text>Current scan mode is not supported in this version.
Resave job to switch to new one</Text>
    </Translation>
    <Translation>
      <Keyword>DentalDB.Help.Workflow.FillCustomInfoFields</Keyword>
      <Text>Please fill out custom info fields</Text>
    </Translation>
    <Translation>
      <Keyword>ErrorTechnicianInvalidId</Keyword>
      <Text>Only empty string or number is allowed as ID.</Text>
    </Translation>
    <Translation>
      <Keyword>DentalDB.UI.Patient.DayOfBirth</Keyword>
      <Text>Birth date</Text>
    </Translation>
    <Translation>
      <Keyword>DentalDB.UI.Practice.Practice</Keyword>
      <Text>Client ID</Text>
    </Translation>
    <Translation>
      <Keyword>DentalDB.UI.Treatment.Id</Keyword>
      <Text>Case ID</Text>
    </Translation>
    <Translation>
      <Keyword>DentalDB.Main.ProjectStatus</Keyword>
      <Text>Project status</Text>
    </Translation>
    <Translation>
      <Keyword>DentalDB.UI.Treatment.RemoveSingle</Keyword>
      <Text>Destroy</Text>
    </Translation>
    <Translation>
      <Keyword>HotkeyTip</Keyword>
      <Text>Hotkey tip</Text>
    </Translation>
    <Translation>
      <Keyword>UsePreviousToothDefinitionTip</Keyword>
      <Text>Hold CTRL while clicking a tooth to copy the last selection.
Hold SHIFT to apply last setting to multiple teeth at once.</Text>
    </Translation>
    <Translation>
      <Keyword>DentalDB.Messages.Treatment.PracticeBeforeToothWorkExplanation</Keyword>
      <Text>This allows your client-specific presets to be used, when you define the design parameters.</Text>
    </Translation>
    <Translation>
      <Keyword>DentalDB.Main.Notes</Keyword>
      <Text>Notes</Text>
    </Translation>
    <Translation>
      <Keyword>DentalDB.IOMode.EnforcedAntagonistTypeEnabledWarning</Keyword>
      <Text>Current job scan mode differs from single supported scan mode "{0}" in this build.
In order to use all features you will need to resave the job and switch to "{0}" scan mode while saving.</Text>
    </Translation>
    <Translation>
      <Keyword>DentalDB.IOMode.EnforcedAntagonistTypeOptionEnabledQuestion</Keyword>
      <Text>In current build only "{0}" scan mode is supported.
Do you really want to switch scan mode to "{0}"?</Text>
    </Translation>
    <Translation>
      <Keyword>DentalDB.IOMode.EnforcedAntagonistTypeOptionEnabled_Yes</Keyword>
      <Text>Yes</Text>
    </Translation>
    <Translation>
      <Keyword>DentalDB.IOMode.EnforcedAntagonistTypeOptionEnabled_Yes.Description</Keyword>
      <Text>Switch to new scan mode. All features will be available.</Text>
    </Translation>
    <Translation>
      <Keyword>DentalDB.IOMode.EnforcedAntagonistTypeOptionEnabled_No</Keyword>
      <Text>No</Text>
    </Translation>
    <Translation>
      <Keyword>DentalDB.IOMode.EnforcedAntagonistTypeOptionEnabled_No.Description</Keyword>
      <Text>Keep old scan mode. Some features may not be available.</Text>
    </Translation>
    <Translation>
      <Keyword>DentalDB.IOMode.EnforcedAntagonistTypeOptionEnabled_Cancel</Keyword>
      <Text>Cancel</Text>
    </Translation>
    <Translation>
      <Keyword>DentalDB.IOMode.EnforcedAntagonistTypeOptionEnabled_Cancel.Description</Keyword>
      <Text>Project will not be saved.</Text>
    </Translation>
    <Translation>
      <Keyword>DentalshareFilesHaveBeenQueuedForUpload</Keyword>
      <Text>files have been queued for upload</Text>
    </Translation>
    <Translation>
      <Keyword>DentalDB.Main.Project</Keyword>
      <Text>Project</Text>
    </Translation>
    <Translation>
      <Keyword>DentalDB.Main.JobDefinition</Keyword>
      <Text>Treatment</Text>
    </Translation>
    <Translation>
      <Keyword>DentalDB.Main.JobDefinitionPreview</Keyword>
      <Text>Preview</Text>
    </Translation>
    <Translation>
      <Keyword>DentalDB.Main.Actions</Keyword>
      <Text>Actions</Text>
    </Translation>
    <Translation>
      <Keyword>DentalDB.Main.Tips</Keyword>
      <Text>Tips</Text>
    </Translation>
    <Translation>
      <Keyword>DentalDB.Main.Practice</Keyword>
      <Text>Client</Text>
    </Translation>
    <Translation>
      <Keyword>DentalDB.Main.Technician</Keyword>
      <Text>Technician</Text>
    </Translation>
    <Translation>
      <Keyword>DentalDB.Main.Patient</Keyword>
      <Text>Patient</Text>
    </Translation>
    <Translation>
      <Keyword>ToothWorkParams.SelectMaterial</Keyword>
      <Text>Material</Text>
    </Translation>
    <Translation>
      <Keyword>ToothWorkParams.OptionsParams</Keyword>
      <Text>Options &amp; Parameters</Text>
    </Translation>
    <Translation>
      <Keyword>DentalDB.UI.ShowAllProjects</Keyword>
      <Text>All</Text>
    </Translation>
    <Translation>
      <Keyword>DentalDB.UI.ShowImportedProjectsOnly</Keyword>
      <Text>Imported</Text>
    </Translation>
    <Translation>
      <Keyword>DentalDB.UI.ShowLocalProjectsOnly</Keyword>
      <Text>Local</Text>
    </Translation>
    <Translation>
      <Keyword>DentalDB.UI.TasksPerformed</Keyword>
      <Text>Tasks performed</Text>
    </Translation>
    <Translation>
      <Keyword>TreatmentItemsCount</Keyword>
      <Text>Item count:</Text>
    </Translation>
    <Translation>
      <Keyword>OK.ExoMessageBox</Keyword>
      <Text>Ok</Text>
    </Translation>
    <Translation>
      <Keyword>Cancel.ExoMessageBox</Keyword>
      <Text>Cancel</Text>
    </Translation>
    <Translation>
      <Keyword>Yes.ExoMessageBox</Keyword>
      <Text>Yes</Text>
    </Translation>
    <Translation>
      <Keyword>No.ExoMessageBox</Keyword>
      <Text>No</Text>
    </Translation>
    <Translation>
      <Keyword>GetMoreHelp</Keyword>
      <Text>?</Text>
    </Translation>
    <Translation>
      <Keyword>LoadProject</Keyword>
      <Text>Load</Text>
    </Translation>
    <Translation>
      <Keyword>Tooth</Keyword>
      <Text>Treatment for tooth</Text>
    </Translation>
    <Translation>
      <Keyword>MultidiePit</Keyword>
      <Text>Multi-die pit</Text>
    </Translation>
    <Translation>
      <Keyword>DentalShare.ImportState.Error</Keyword>
      <Text>Job import failed.</Text>
    </Translation>
    <Translation>
      <Keyword>DentalDB.UI.ImportProjectFrom</Keyword>
      <Text>Import from...</Text>
    </Translation>
    <Translation>
      <Keyword>DentalDB.Main.ProjectInformation</Keyword>
      <Text>Project information</Text>
    </Translation>
    <Translation>
      <Keyword>ShowMore</Keyword>
      <Text>More...</Text>
    </Translation>
    <Translation>
      <Keyword>ShowLess</Keyword>
      <Text>Less...</Text>
    </Translation>
    <Translation>
      <Keyword>ToothWork.ToolTip.ToothColor</Keyword>
      <Text>Tooth shade</Text>
    </Translation>
    <Translation>
      <Keyword>TotalProsthesis.Group</Keyword>
      <Text>Total Prosthesis</Text>
    </Translation>
    <Translation>
      <Keyword>ProstheticTooth.WorkDescription</Keyword>
      <Text>Prosthetic Tooth</Text>
    </Translation>
    <Translation>
      <Keyword>AestheticPlateScan.Parameter</Keyword>
      <Text>Aesthetic plate scan</Text>
    </Translation>
    <Translation>
      <Keyword>AestheticPlateScan.Value.false</Keyword>
      <Text>No</Text>
    </Translation>
    <Translation>
      <Keyword>AestheticPlateScan.Value.true</Keyword>
      <Text>Yes</Text>
    </Translation>
    <Translation>
      <Keyword>DentalDB.UI.Main.Treatment.ImportDentalProject</Keyword>
      <Text>exocad
project</Text>
    </Translation>
    <Translation>
      <Keyword>SignatureVerificationWorkParamsFailed</Keyword>
      <Text>The material configuration file to be used could not be verified.
The application will be shut down as only verified material configurations are allowed.
</Text>
    </Translation>
    <Translation>
      <Keyword>WorkParamsSelection.Dentalshare</Keyword>
      <Text>Material configuration (dentalshare)</Text>
    </Translation>
    <Translation>
      <Keyword>WorkParamsSelection.Local</Keyword>
      <Text>Material configuration (local)</Text>
    </Translation>
    <Translation>
      <Keyword>WorkParamsSelection.Header</Keyword>
      <Text>Change material configuration</Text>
    </Translation>
    <Translation>
      <Keyword>WorkParamsSelection.Description</Keyword>
      <Text>The material configuration affects the choice of materials, and the respective parameters (e.g. minimum thickness). You can choose a locally stored configuration, or a configuration from one of your dentalshare contacts (recommended if you with to send out files for production).</Text>
    </Translation>
    <Translation>
      <Keyword>DentalDB.UI.Main.ChangeWorkParams</Keyword>
      <Text>Change...</Text>
    </Translation>
    <Translation>
      <Keyword>WorkParamsSelection.DentalShare</Keyword>
      <Text>Material configuration (dentalshare)</Text>
    </Translation>
    <Translation>
      <Keyword>WorkParamsSelection.NoSelection</Keyword>
      <Text>Select...</Text>
    </Translation>
    <Translation>
      <Keyword>WorkParamsDBSwitchFailed</Keyword>
      <Text>An error occured loading material configuration.
Errror details:
{0}</Text>
    </Translation>
    <Translation>
      <Keyword>WorkParamsIsEmptyOrDoesNotExist</Keyword>
      <Text>User-default material configuration '{0}' could not be found or is corrupt.
Falling back to the default material configuration.</Text>
    </Translation>
    <Translation>
      <Keyword>WorkParamsSelection.MakeDefault</Keyword>
      <Text>Make default</Text>
    </Translation>
    <Translation>
      <Keyword>DentalShare.WorkParamsUpdated</Keyword>
      <Text>Your default material configuration has been updated by your partner. 
It was automatically downloaded and applied.</Text>
    </Translation>
    <Translation>
      <Keyword>DentalShare.WorkParamsUpdated.Title</Keyword>
      <Text>Material configuration updated</Text>
    </Translation>
    <Translation>
      <Keyword>DentalShare.WorkParamsMismatch</Keyword>
      <Text>Warning: This receipient uses a different material configuration than the one you have chosen for this project.</Text>
    </Translation>
    <Translation>
      <Keyword>DentalShare.WorkParamsMismatch.Title</Keyword>
      <Text>Material configuration differs</Text>
    </Translation>
    <Translation>
      <Keyword>DentalDB.WorkParamsDataValidationError</Keyword>
      <Text>The given data are not a valid material configuration.</Text>
    </Translation>
    <Translation>
      <Keyword>DentalDB.UserWorkParamsDataNotFound</Keyword>
      <Text>User default material configuration could not be found. Falling back to default one.</Text>
    </Translation>
    <Translation>
      <Keyword>DentalDB.DentalProjectFileStorageError</Keyword>
      <Text>An error occured storing dental project to '{0}'.
Error details:
{1}</Text>
    </Translation>
    <Translation>
      <Keyword>DentalDB.Import.Warning.OlderVersion.WorkParamsHashMismatch</Keyword>
      <Text>The imported project was created with different material configuration and does not match current one. This may lead to inaccurate result in design process.</Text>
    </Translation>
    <Translation>
      <Keyword>DentalDB.Import.Warning.OlderVersion.WorkParamsSignatureMismatch</Keyword>
      <Text>The imported project was created with verified material configuration. Material configuration used for import is not verified or provided in different version.</Text>
    </Translation>
    <Translation>
      <Keyword>DentalDB.ImportSucceeded</Keyword>
      <Text>Dental job import succeeded</Text>
    </Translation>
    <Translation>
      <Keyword>Error.Title</Keyword>
      <Text>Error</Text>
    </Translation>
    <Translation>
      <Keyword>Warning.Title</Keyword>
      <Text>Warning</Text>
    </Translation>
    <Translation>
      <Keyword>Information.Title</Keyword>
      <Text>Information</Text>
    </Translation>
    <Translation>
      <Keyword>SignatureVerificationWorkParamsError</Keyword>
      <Text>The material configuration file to be used could not be verified and therefore cannot be used in this version of DentalDB.</Text>
    </Translation>
    <Translation>
      <Keyword>DentalDB.Import.Error.SignatureVerificationWorkParamsError</Keyword>
      <Text>The dental project cannot be imported as  material configuration used to create it could not be verified and therefore cannot be used in this version of DentalDB.</Text>
    </Translation>
    <Translation>
      <Keyword>WorkParams.VerficationError.Title</Keyword>
      <Text>Material configuration prohibited.</Text>
    </Translation>
    <Translation>
      <Keyword>DentalDB.Import.Error.Parsing.WorkParamsDBLoadFailed</Keyword>
      <Text>An error occurred processing material configuration data:</Text>
    </Translation>
    <Translation>
      <Keyword>DentalDB.UI.Patients.Title</Keyword>
      <Text>Patients</Text>
    </Translation>
    <Translation>
      <Keyword>DentalDB.UI.Patients.InputData</Keyword>
      <Text>Enter patient details below</Text>
    </Translation>
    <Translation>
      <Keyword>DentalDB.UI.Patients.Button.New</Keyword>
      <Text>New</Text>
    </Translation>
    <Translation>
      <Keyword>DentalDB.UI.Patients.Button.New.Description</Keyword>
      <Text>Add a new patient '{0}, {1}' without closing this window</Text>
    </Translation>
    <Translation>
      <Keyword>DentalDB.UI.Patients.Button.New_Duplicate.Description</Keyword>
      <Text>Duplicate patient '{0},{1}'</Text>
    </Translation>
    <Translation>
      <Keyword>DentalDB.UI.Patients.Button.New_Add.Description</Keyword>
      <Text>Add a new patient '{0},{1}'</Text>
    </Translation>
    <Translation>
      <Keyword>DentalDB.UI.Patients.Button.Delete</Keyword>
      <Text>Delete</Text>
    </Translation>
    <Translation>
      <Keyword>DentalDB.UI.Patients.Button.Accept</Keyword>
      <Text>Accept</Text>
    </Translation>
    <Translation>
      <Keyword>DentalDB.UI.Patients.Button.Accept.Description</Keyword>
      <Text>Select this patient and close this window</Text>
    </Translation>
    <Translation>
      <Keyword>DentalDB.UI.Patients.Button.Accept.Description.New</Keyword>
      <Text>Add a new patient and close this window</Text>
    </Translation>
    <Translation>
      <Keyword>DentalDB.UI.Patients.Button.Update</Keyword>
      <Text>Update</Text>
    </Translation>
    <Translation>
      <Keyword>DentalDB.UI.Patients.Button.Update.Description</Keyword>
      <Text>The name of the existing patient "{0}, {1}" will be changed</Text>
    </Translation>
    <Translation>
      <Keyword>DentalDB.UI.Patients.Hint.NoData</Keyword>
      <Text>Type in name to add or find a patient</Text>
    </Translation>
    <Translation>
      <Keyword>DentalDB.Import.ProjectModifiedOutside</Keyword>
      <Text>The project has been modified outside of the DentalDB. Do you want to reload it and lose the changes made in the DentalDB?</Text>
    </Translation>
    <Translation>
      <Keyword>DentalDB.Import.ProjectModifiedOutside.Reload</Keyword>
      <Text>Yes</Text>
    </Translation>
    <Translation>
      <Keyword>DentalDB.Import.ProjectModifiedOutside.Reload.Description</Keyword>
      <Text>Reload project. The changes made to the project in the DentalDB will be discarded.</Text>
    </Translation>
    <Translation>
      <Keyword>DentalDB.Import.ProjectModifiedOutside.Reject</Keyword>
      <Text>No</Text>
    </Translation>
    <Translation>
      <Keyword>DentalDB.Import.ProjectModifiedOutside.Reject.Description</Keyword>
      <Text>Keep project. The changes made outside will be discarded.</Text>
    </Translation>
    <Translation>
      <Keyword>DentalDB.UI.WindowHeader.MaterialConfigurationSelection</Keyword>
      <Text>Material configuration selection</Text>
    </Translation>
    <Translation>
      <Keyword>DentalDB.Patients.ConfirmSameDateOfBirth.Title</Keyword>
      <Text>Confirmation</Text>
    </Translation>
    <Translation>
      <Keyword>DentalDB.Patients.ConfirmSameDateOfBirth</Keyword>
      <Text>You are going to create a new patient by copying an existing one. The date of birth of the new patient has not be changed.</Text>
    </Translation>
    <Translation>
      <Keyword>MaterialConfiguration.MaterialFilterLoadFailed</Keyword>
      <Text>An error occurred loading material filter from material configuration:
{0}</Text>
    </Translation>
    <Translation>
      <Keyword>DentalDB.Patients.ConfirmSameDateOfBirth.KeepDateOfBirth</Keyword>
      <Text>Continue</Text>
    </Translation>
    <Translation>
      <Keyword>DentalDB.Patients.ConfirmSameDateOfBirth.KeepDateOfBirth.Description</Keyword>
      <Text>Current date of birth will be kept</Text>
    </Translation>
    <Translation>
      <Keyword>DentalDB.Patients.ConfirmSameDateOfBirth.UpdateDateOfBirth</Keyword>
      <Text>Cancel</Text>
    </Translation>
    <Translation>
      <Keyword>DentalDB.Patients.ConfirmSameDateOfBirth.UpdateDateOfBirth.Description</Keyword>
      <Text>Go back to dialog and change date of birth</Text>
    </Translation>
    <Translation>
      <Keyword>DentalDB.UI.Patient.DateOfBirth</Keyword>
      <Text>Date of birth</Text>
    </Translation>
    <Translation>
      <Keyword>DentalDB.UI.Technicians.Title</Keyword>
      <Text>Technicians</Text>
    </Translation>
    <Translation>
      <Keyword>DentalDB.UI.Technicians.InputData</Keyword>
      <Text>Enter technician details below</Text>
    </Translation>
    <Translation>
      <Keyword>DentalDB.UI.Technicians.FirstName</Keyword>
      <Text>First name</Text>
    </Translation>
    <Translation>
      <Keyword>DentalDB.UI.Technicians.LastName</Keyword>
      <Text>Last name</Text>
    </Translation>
    <Translation>
      <Keyword>DentalDB.UI.Technicians.TechnicianId</Keyword>
      <Text>Technician ID</Text>
    </Translation>
    <Translation>
      <Keyword>DentalDB.UI.Technicians.Button.New</Keyword>
      <Text>New</Text>
    </Translation>
    <Translation>
      <Keyword>DentalDB.UI.Technicians.Button.New.Description</Keyword>
      <Text>Add a new technician '{0}, {1}' without closing this window</Text>
    </Translation>
    <Translation>
      <Keyword>DentalDB.UI.Technicians.Button.New_Duplicate.Description</Keyword>
      <Text>Duplicate technician '{0},{1}'</Text>
    </Translation>
    <Translation>
      <Keyword>DentalDB.UI.Technicians.Button.New_Add.Description</Keyword>
      <Text>Add a new technician '{0},{1}'</Text>
    </Translation>
    <Translation>
      <Keyword>DentalDB.UI.Technicians.Button.Delete</Keyword>
      <Text>Delete</Text>
    </Translation>
    <Translation>
      <Keyword>DentalDB.UI.Technicians.Button.Accept</Keyword>
      <Text>Accept</Text>
    </Translation>
    <Translation>
      <Keyword>DentalDB.UI.Technicians.Button.Accept.Description</Keyword>
      <Text>Select this technician and close this window</Text>
    </Translation>
    <Translation>
      <Keyword>DentalDB.UI.Technicians.Button.Accept.Description.New</Keyword>
      <Text>Add a new technician and close this window</Text>
    </Translation>
    <Translation>
      <Keyword>DentalDB.UI.Technicians.Button.Update</Keyword>
      <Text>Update</Text>
    </Translation>
    <Translation>
      <Keyword>DentalDB.UI.Technicians.Button.Update.Description</Keyword>
      <Text>The name of the existing technician "{0}, {1}" will be changed</Text>
    </Translation>
    <Translation>
      <Keyword>DentalDB.UI.Technicians.Hint.NoData</Keyword>
      <Text>Type in name to add or find a technician</Text>
    </Translation>
    <Translation>
      <Keyword>DentalDB.UI.Practice.Title</Keyword>
      <Text>Clients</Text>
    </Translation>
    <Translation>
      <Keyword>DentalDB.New.Edit</Keyword>
      <Text>Edit chosen costumer</Text>
    </Translation>
    <Translation>
      <Keyword>DentalDB.UI.Practices.InputData</Keyword>
      <Text>Enter client details below</Text>
    </Translation>
    <Translation>
      <Keyword>DentalDB.UI.Practices.Button.New</Keyword>
      <Text>New</Text>
    </Translation>
    <Translation>
      <Keyword>DentalDB.UI.Practices.Button.New.Description</Keyword>
      <Text>Add a new client '{0}' without closing this window</Text>
    </Translation>
    <Translation>
      <Keyword>DentalDB.UI.Practices.Button.New_Duplicate.Description</Keyword>
      <Text>Duplicate client '{0}'</Text>
    </Translation>
    <Translation>
      <Keyword>DentalDB.UI.Practices.Button.New_Add.Description</Keyword>
      <Text>Add a new client '{0}'</Text>
    </Translation>
    <Translation>
      <Keyword>DentalDB.UI.Practices.Button.Delete</Keyword>
      <Text>Delete</Text>
    </Translation>
    <Translation>
      <Keyword>DentalDB.UI.Practices.Button.Accept</Keyword>
      <Text>Accept</Text>
    </Translation>
    <Translation>
      <Keyword>DentalDB.UI.Practices.Button.Accept.Description</Keyword>
      <Text>Select this client and close this window</Text>
    </Translation>
    <Translation>
      <Keyword>DentalDB.UI.Practices.Button.Accept.Description.New</Keyword>
      <Text>Add a new client and close this window</Text>
    </Translation>
    <Translation>
      <Keyword>DentalDB.UI.Practices.Button.Update</Keyword>
      <Text>Update</Text>
    </Translation>
    <Translation>
      <Keyword>DentalDB.UI.Practices.Button.Update.Description</Keyword>
      <Text>The name of the existing client '{0}' will be changed</Text>
    </Translation>
    <Translation>
      <Keyword>InvalidMailInput</Keyword>
      <Text>The email you have entered does not seem to be a valid email address.</Text>
    </Translation>
    <Translation>
      <Keyword>ErrorPracticeInvalidId</Keyword>
      <Text>Only numeric values are allowed as client ID</Text>
    </Translation>
    <Translation>
      <Keyword>PreparationType</Keyword>
      <Text>Preparation type</Text>
    </Translation>
    <Translation>
      <Keyword>DentalDB.Main.CustomInfoField</Keyword>
      <Text>Custom info</Text>
    </Translation>
    <Translation>
      <Keyword>CustomInfoFieldRequired</Keyword>
      <Text>The value of this field cannot be empty</Text>
    </Translation>
    <Translation>
      <Keyword>UserWorkParamsIsInvalid</Keyword>
      <Text>User default material configuration seems to be corrupt. Falling back to default one.
Additional information:
{0}</Text>
    </Translation>
    <Translation>
      <Keyword>EditParams</Keyword>
      <Text>Change Data of Treatment</Text>
    </Translation>
    <Translation>
      <Keyword>Mill.WatchdogLabel</Keyword>
      <Text>Mill</Text>
    </Translation>
    <Translation>
      <Keyword>DentalDB.Main.EnlargeToolTip</Keyword>
      <Text>DoubleClick to Enlarge</Text>
    </Translation>
    <Translation>
      <Keyword>DentalDB.Main.ShrinkToolTip</Keyword>
      <Text>DoubleClick to Shrink</Text>
    </Translation>
    <Translation>
      <Keyword>DentalDB.UI.Treatment.Import</Keyword>
      <Text>Import</Text>
    </Translation>
    <Translation>
      <Keyword>DentalDB.UI.Treatment.Abort</Keyword>
      <Text>Cancel</Text>
    </Translation>
    <Translation>
      <Keyword>DentalDB.UI.Treatment.Edit</Keyword>
      <Text>Edit</Text>
    </Translation>
    <Translation>
      <Keyword>DentalDB.Load.LoadTreatment</Keyword>
      <Text>Load Treatment</Text>
    </Translation>
    <Translation>
      <Keyword>DentalDB.Center.WhatToDo</Keyword>
      <Text>What would you like to do?</Text>
    </Translation>
    <Translation>
      <Keyword>DentalDB.Center.New</Keyword>
      <Text>Create new Treatment</Text>
    </Translation>
    <Translation>
      <Keyword>DentalDB.Center.Open</Keyword>
      <Text>Open Zirkonzahn Archiv</Text>
    </Translation>
    <Translation>
      <Keyword>DentalDB.Center.Load</Keyword>
      <Text>Load existing Treatment</Text>
    </Translation>
    <Translation>
      <Keyword>DentalDB.UI.Practice.Back</Keyword>
      <Text>Back to Clientlist</Text>
    </Translation>
    <Translation>
      <Keyword>DentalDB.New.EnterPatient</Keyword>
      <Text>Enter Patient Data</Text>
    </Translation>
    <Translation>
      <Keyword>DentalDB.New.Back</Keyword>
      <Text>Back</Text>
    </Translation>
    <Translation>
      <Keyword>DentalDB.UI.Treatment.PatientPic</Keyword>
      <Text>Patient Pictures</Text>
    </Translation>
    <Translation>
      <Keyword>DentalDB.New.ToothColor</Keyword>
      <Text>Tooth Color</Text>
    </Translation>
    <Translation>
      <Keyword>DentalDB.ToothColor.Other</Keyword>
      <Text>Other</Text>
    </Translation>
    <Translation>
      <Keyword>DentalDB.Technician.Save.Text</Keyword>
      <Text>Save and Continue</Text>
    </Translation>
    <Translation>
      <Keyword>DentalDB.Technician.EnterName</Keyword>
      <Text>Select Technician or enter new Technician</Text>
    </Translation>
    <Translation>
      <Keyword>DentalDB.Edit.Practice</Keyword>
      <Text>Edit Practice Data</Text>
    </Translation>
    <Translation>
      <Keyword>DentalDB.Main.ScanData</Keyword>
      <Text>Scan data</Text>
    </Translation>
    <Translation>
      <Keyword>DentalDB.Work.Treatment</Keyword>
      <Text>Define Treatment</Text>
    </Translation>
    <Translation>
      <Keyword>DentalDB.Work.SpecialOptions</Keyword>
      <Text>Special Options</Text>
    </Translation>
    <Translation>
      <Keyword>DentalDB.Work.DeleteTreatment</Keyword>
      <Text>Delete Treatment</Text>
    </Translation>
    <Translation>
      <Keyword>DentalDB.Work.ApplyTreatment</Keyword>
      <Text>Apply Treatment</Text>
    </Translation>
    <Translation>
      <Keyword>DentalDB.Work.CancelTreatment</Keyword>
      <Text>Cancel Treatment</Text>
    </Translation>
    <Translation>
      <Keyword>ToothWorkParams.Options</Keyword>
      <Text>Implant parameter</Text>
    </Translation>
    <Translation>
      <Keyword>ToothWorkParams.OptionsScans</Keyword>
      <Text>Additional Scans</Text>
    </Translation>
    <Translation>
      <Keyword>DentalDB.Main.PicturesData</Keyword>
      <Text>PICTURES AND DATA OF THE PATIENT</Text>
    </Translation>
    <Translation>
      <Keyword>DentalDB.Main.PicPatient</Keyword>
      <Text>Pictures of the Patient</Text>
    </Translation>
    <Translation>
      <Keyword>DentalDB.Main.More</Keyword>
      <Text>More</Text>
    </Translation>
    <Translation>
      <Keyword>DentalDB.Main.Lang</Keyword>
      <Text>Language Settings</Text>
    </Translation>
    <Translation>
      <Keyword>Duplicate.SelectFilterDefinitionsToApply</Keyword>
      <Text>Select project files to duplicate</Text>
    </Translation>
    <Translation>
      <Keyword>Duplicate.NoFileMatchFound</Keyword>
      <Text>No files matching duplicate filters were found.</Text>
    </Translation>
    <Translation>
      <Keyword>DentalDB.UI.Practice.RemoveClientSpecificValues.Confirm</Keyword>
      <Text>Do you really want to clear client-specific parameters? Please note that the action cannot be undone.</Text>
    </Translation>
    <Translation>
      <Keyword>DentalDB.UI.Practice.RemoveClientSpecificValues.Done</Keyword>
      <Text>Client-specific parameters have been cleared.</Text>
    </Translation>
    <Translation>
      <Keyword>DentalDB.UI.Practice.RemoveClientSpecificValues.Confirm.Title</Keyword>
      <Text>Confirm: Clear client-specific parameters</Text>
    </Translation>
    <Translation>
      <Keyword>DentalDB.UI.Lab.Laboratory</Keyword>
      <Text>Laboratory</Text>
    </Translation>
    <Translation>
      <Keyword>DentalDB.UI.Treatment.UniqueId</Keyword>
      <Text>Global Unique ID</Text>
    </Translation>
    <Translation>
      <Keyword>DentalDB.UI.Treatment.OriginalId</Keyword>
      <Text>Original Case ID</Text>
    </Translation>
    <Translation>
      <Keyword>Mod.WatchdogLabel</Keyword>
      <Text>Mod</Text>
    </Translation>
    <Translation>
      <Keyword>FilterExpression</Keyword>
      <Text>Search pattern</Text>
    </Translation>
    <Translation>
      <Keyword>ExcludeMatchingFilesFromResult</Keyword>
      <Text>Exclude from result</Text>
    </Translation>
    <Translation>
      <Keyword>FilesHaveNotBeenUpdateSinceLastUpload</Keyword>
      <Text>The files you want to upload have not been changed since the last upload. Therefore, the files won't be uploaded!</Text>
    </Translation>
    <Translation>
      <Keyword>DentalDB.Main.PracticeOriginal</Keyword>
      <Text>Original Client</Text>
    </Translation>
    <Translation>
      <Keyword>MaterialConfiguration.MaterialSwitchNotAllowed</Keyword>
      <Text>Material configuration can only be switched if no restorations are defined for the job.</Text>
    </Translation>
    <Translation>
      <Keyword>ResetParameterValuesToDefault</Keyword>
      <Text>Reset values 
to material defaults</Text>
    </Translation>
    <Translation>
      <Keyword>ResetParameterValuesToDefault.ToolTip</Keyword>
      <Text>Resets values of all numeric parameters to default value for selected restoration and material</Text>
    </Translation>
    <Translation>
      <Keyword>SelectFilesToRenameOnProjectNameChange</Keyword>
      <Text>Select project files to rename</Text>
    </Translation>
    <Translation>
      <Keyword>UpdateMetaDataFileFailed</Keyword>
      <Text>Error occurred while updating '{0}'.
Error: {1}</Text>
    </Translation>
    <Translation>
      <Keyword>DuplicateActionFileCopyingFailed</Keyword>
      <Text>One or more errors occurred while processing data of the duplicated dental project:</Text>
    </Translation>
    <Translation>
      <Keyword>FilterGroupRequiredMissing.ToolTip</Keyword>
      <Text>Could not detect data marked as required. Please ensure that the data exists and try again.</Text>
    </Translation>
  </Translations>
</TranslationContainer>