﻿<?xml version="1.0" encoding="utf-8"?>
<TranslationContainer>
  <Translations>
    <!--
<Translation>
<Keyword></Keyword>
<Text></Text>
</Translation>
-->
    <Translation>
      <Keyword>cmn.Language</Keyword>
      <Text>Mandarin</Text>
    </Translation>
    <Translation>
      <Keyword>hi.Language</Keyword>
      <Text>Hindi</Text>
    </Translation>
    <Translation>
      <Keyword>ar.Language</Keyword>
      <Text>Arabic</Text>
    </Translation>
    <Translation>
      <Keyword>pt.Language</Keyword>
      <Text>Portuguese</Text>
    </Translation>
    <Translation>
      <Keyword>bn.Language</Keyword>
      <Text>Bengali</Text>
    </Translation>
    <Translation>
      <Keyword>ru.Language</Keyword>
      <Text>Russian</Text>
    </Translation>
    <Translation>
      <Keyword>ja.Language</Keyword>
      <Text>Japanese</Text>
    </Translation>
    <Translation>
      <Keyword>pa.Language</Keyword>
      <Text>Punjabi</Text>
    </Translation>
    <Translation>
      <Keyword>jv.Language</Keyword>
      <Text>Javanese</Text>
    </Translation>
    <Translation>
      <Keyword>wuu.Language</Keyword>
      <Text>Wu</Text>
    </Translation>
    <Translation>
      <Keyword>ms.Language</Keyword>
      <Text>Malay</Text>
    </Translation>
    <Translation>
      <Keyword>id.Language</Keyword>
      <Text>Indonesian</Text>
    </Translation>
    <Translation>
      <Keyword>te.Language</Keyword>
      <Text>Telugu</Text>
    </Translation>
    <Translation>
      <Keyword>vi.Language</Keyword>
      <Text>Vietnamese</Text>
    </Translation>
    <Translation>
      <Keyword>ko.Language</Keyword>
      <Text>Korean</Text>
    </Translation>
    <Translation>
      <Keyword>mr.Language</Keyword>
      <Text>Marathi</Text>
    </Translation>
    <Translation>
      <Keyword>ta.Language</Keyword>
      <Text>Tamil</Text>
    </Translation>
    <Translation>
      <Keyword>ur.Language</Keyword>
      <Text>Urdu</Text>
    </Translation>
    <Translation>
      <Keyword>fa.Language</Keyword>
      <Text>Persian</Text>
    </Translation>
    <Translation>
      <Keyword>tr.Language</Keyword>
      <Text>Turkish</Text>
    </Translation>
    <Translation>
      <Keyword>yue.Language</Keyword>
      <Text>Cantonese</Text>
    </Translation>
    <Translation>
      <Keyword>th.Language</Keyword>
      <Text>Thai</Text>
    </Translation>
    <Translation>
      <Keyword>gu.Language</Keyword>
      <Text>Gujarati</Text>
    </Translation>
    <Translation>
      <Keyword>cjy.Language</Keyword>
      <Text>Jin</Text>
    </Translation>
    <Translation>
      <Keyword>nan.Language</Keyword>
      <Text>Min Nan</Text>
    </Translation>
    <Translation>
      <Keyword>pl.Language</Keyword>
      <Text>Polish</Text>
    </Translation>
    <Translation>
      <Keyword>ps.Language</Keyword>
      <Text>Pushto; Pashto</Text>
    </Translation>
    <Translation>
      <Keyword>kn.Language</Keyword>
      <Text>Kannada</Text>
    </Translation>
    <Translation>
      <Keyword>hsn.Language</Keyword>
      <Text>Xiang</Text>
    </Translation>
    <Translation>
      <Keyword>ml.Language</Keyword>
      <Text>Malayalam</Text>
    </Translation>
    <Translation>
      <Keyword>su.Language</Keyword>
      <Text>Sundanese</Text>
    </Translation>
    <Translation>
      <Keyword>ha.Language</Keyword>
      <Text>Hausa</Text>
    </Translation>
    <Translation>
      <Keyword>or.Language</Keyword>
      <Text>Oriya</Text>
    </Translation>
    <Translation>
      <Keyword>my.Language</Keyword>
      <Text>Burmese</Text>
    </Translation>
    <Translation>
      <Keyword>hak.Language</Keyword>
      <Text>Hakka</Text>
    </Translation>
    <Translation>
      <Keyword>uk.Language</Keyword>
      <Text>Ukrainian</Text>
    </Translation>
    <Translation>
      <Keyword>bho.Language</Keyword>
      <Text>Bhojpuri</Text>
    </Translation>
    <Translation>
      <Keyword>tl.Language</Keyword>
      <Text>Tagalog</Text>
    </Translation>
    <Translation>
      <Keyword>yo.Language</Keyword>
      <Text>Yoruba</Text>
    </Translation>
    <Translation>
      <Keyword>mai.Language</Keyword>
      <Text>Maithili</Text>
    </Translation>
    <Translation>
      <Keyword>sw.Language</Keyword>
      <Text>Swahili</Text>
    </Translation>
    <Translation>
      <Keyword>uz.Language</Keyword>
      <Text>Uzbek</Text>
    </Translation>
    <Translation>
      <Keyword>sd.Language</Keyword>
      <Text>Sindhi</Text>
    </Translation>
    <Translation>
      <Keyword>am.Language</Keyword>
      <Text>Amharic</Text>
    </Translation>
    <Translation>
      <Keyword>ff.Language</Keyword>
      <Text>Fulah</Text>
    </Translation>
    <Translation>
      <Keyword>ro.Language</Keyword>
      <Text>Romanian; Moldavian; Moldovan</Text>
    </Translation>
    <Translation>
      <Keyword>om.Language</Keyword>
      <Text>Oromo</Text>
    </Translation>
    <Translation>
      <Keyword>ig.Language</Keyword>
      <Text>Igbo</Text>
    </Translation>
    <Translation>
      <Keyword>az.Language</Keyword>
      <Text>Azerbaijani</Text>
    </Translation>
    <Translation>
      <Keyword>awa.Language</Keyword>
      <Text>Awadhi</Text>
    </Translation>
    <Translation>
      <Keyword>gan.Language</Keyword>
      <Text>Gan</Text>
    </Translation>
    <Translation>
      <Keyword>ceb.Language</Keyword>
      <Text>Cebuano</Text>
    </Translation>
    <Translation>
      <Keyword>nl.Language</Keyword>
      <Text>Dutch; Flemish</Text>
    </Translation>
    <Translation>
      <Keyword>ku.Language</Keyword>
      <Text>Kurdish</Text>
    </Translation>
    <Translation>
      <Keyword>mg.Language</Keyword>
      <Text>Malagasy</Text>
    </Translation>
    <Translation>
      <Keyword>skr.Language</Keyword>
      <Text>Saraiki</Text>
    </Translation>
    <Translation>
      <Keyword>ne.Language</Keyword>
      <Text>Nepali</Text>
    </Translation>
    <Translation>
      <Keyword>si.Language</Keyword>
      <Text>Sinhala; Sinhalese</Text>
    </Translation>
    <Translation>
      <Keyword>ctg.Language</Keyword>
      <Text>Chittagonian</Text>
    </Translation>
    <Translation>
      <Keyword>za.Language</Keyword>
      <Text>Zhuang; Chuang</Text>
    </Translation>
    <Translation>
      <Keyword>km.Language</Keyword>
      <Text>Central Khmer</Text>
    </Translation>
    <Translation>
      <Keyword>as.Language</Keyword>
      <Text>Assamese</Text>
    </Translation>
    <Translation>
      <Keyword>mad.Language</Keyword>
      <Text>Madurese</Text>
    </Translation>
    <Translation>
      <Keyword>so.Language</Keyword>
      <Text>Somali</Text>
    </Translation>
    <Translation>
      <Keyword>mwr.Language</Keyword>
      <Text>Marwari</Text>
    </Translation>
    <Translation>
      <Keyword>mag.Language</Keyword>
      <Text>Magahi</Text>
    </Translation>
    <Translation>
      <Keyword>bgc.Language</Keyword>
      <Text>Haryanvi</Text>
    </Translation>
    <Translation>
      <Keyword>hu.Language</Keyword>
      <Text>Hungarian</Text>
    </Translation>
    <Translation>
      <Keyword>hne.Language</Keyword>
      <Text>Chhattisgarhi</Text>
    </Translation>
    <Translation>
      <Keyword>el.Language</Keyword>
      <Text>Greek</Text>
    </Translation>
    <Translation>
      <Keyword>ny.Language</Keyword>
      <Text>Chichewa; Chewa; Nyanja</Text>
    </Translation>
    <Translation>
      <Keyword>dcc.Language</Keyword>
      <Text>Deccan</Text>
    </Translation>
    <Translation>
      <Keyword>ak.Language</Keyword>
      <Text>Akan</Text>
    </Translation>
    <Translation>
      <Keyword>kk.Language</Keyword>
      <Text>Kazakh</Text>
    </Translation>
    <Translation>
      <Keyword>mnp.Language</Keyword>
      <Text>Min Bei</Text>
    </Translation>
    <Translation>
      <Keyword>syl.Language</Keyword>
      <Text>Sylheti</Text>
    </Translation>
    <Translation>
      <Keyword>zu.Language</Keyword>
      <Text>Zulu</Text>
    </Translation>
    <Translation>
      <Keyword>cs.Language</Keyword>
      <Text>Czech</Text>
    </Translation>
    <Translation>
      <Keyword>sv.Language</Keyword>
      <Text>Swedish</Text>
    </Translation>
    <Translation>
      <Keyword>zh-hant.Language</Keyword>
      <Text>Chinese (traditional)</Text>
    </Translation>
    <Translation>
      <Keyword>zh-hans.Language</Keyword>
      <Text>Chinese (simplified)</Text>
    </Translation>
  </Translations>
</TranslationContainer>