﻿<?xml version="1.0" encoding="utf-8"?>
<TranslationContainer>
  <Translations>
    <!--
<Translation>
<Keyword></Keyword>
<Text></Text>
</Translation>
-->
    <Translation>
      <Keyword>FrameShade.MaterialProperty</Keyword>
      <Text>Frame Shade</Text>
    </Translation>
    <Translation>
      <Keyword>LU.MaterialDescription</Keyword>
      <Text>Lava™ Ultimate</Text>
    </Translation>
    <Translation>
      <Keyword>LU_3ax.MaterialDescription</Keyword>
      <Text>Lava™ Ultimate</Text>
    </Translation>
    <Translation>
      <Keyword>LP.MaterialDescription</Keyword>
      <Text>Lava™ Plus</Text>
    </Translation>
    <Translation>
      <Keyword>LP_3ax.MaterialDescription</Keyword>
      <Text>Lava™ Plus</Text>
    </Translation>
    <Translation>
      <Keyword>LZ.MaterialDescription</Keyword>
      <Text>Lava™ Zirconia</Text>
    </Translation>
    <Translation>
      <Keyword>LZ_3ax.MaterialDescription</Keyword>
      <Text>Lava™ Zirconia</Text>
    </Translation>
    <Translation>
      <Keyword>LW.MaterialDescription</Keyword>
      <Text>Lava™ Wax</Text>
    </Translation>
    <Translation>
      <Keyword>LW_3ax.MaterialDescription</Keyword>
      <Text>Lava™ Wax</Text>
    </Translation>
    <Translation>
      <Keyword>GCER_LS2_3ax.MaterialDescription</Keyword>
      <Text>Glass-ceramic LS2</Text>
    </Translation>
    <Translation>
      <Keyword>GCER_LS2_3ax.MaterialDescriptionPrint</Keyword>
      <Text>Glass-ceramic LS2</Text>
    </Translation>
    <Translation>
      <Keyword>ImplantType.CustomAbutment.MaterialAbutment.LP.Value</Keyword>
      <Text>Lava™ Plus</Text>
    </Translation>
    <Translation>
      <Keyword>ImplantType.CustomAbutment.MaterialAbutment.LZ.Value</Keyword>
      <Text>Lava™ Zirconia</Text>
    </Translation>
    <Translation>
      <Keyword>ImplantType.CustomAbutment.MaterialAbutment.LW.Value</Keyword>
      <Text>Lava™ Wax</Text>
    </Translation>
    <Translation>
      <Keyword>ImplantType.CustomAbutmentManual.MaterialAbutment.LP.Value</Keyword>
      <Text>Lava™ Plus</Text>
    </Translation>
    <Translation>
      <Keyword>ImplantType.CustomAbutmentManual.MaterialAbutment.LZ.Value</Keyword>
      <Text>Lava™ Zirconia</Text>
    </Translation>
    <Translation>
      <Keyword>ImplantType.CustomAbutmentManual.MaterialAbutment.LW.Value</Keyword>
      <Text>Lava™ Wax</Text>
    </Translation>
  </Translations>
</TranslationContainer>