﻿<?xml version="1.0" encoding="utf-8"?>
<TranslationContainer>
  <Translations>
    <!--
<Translation>
<Keyword></Keyword>
<Text></Text>
</Translation>
-->
    <Translation>
      <Keyword>Default</Keyword>
      <Text>Available shades</Text>
    </Translation>
    <Translation>
      <Keyword>OKGotoCAD</Keyword>
      <Text>Proceed to CAD</Text>
    </Translation>
    <Translation>
      <Keyword>ReallyCloseWithoutSaving</Keyword>
      <Text>Really close without saving?</Text>
    </Translation>
    <Translation>
      <Keyword>ErrorLaunching</Keyword>
      <Text>Error launching</Text>
    </Translation>
  </Translations>
</TranslationContainer>