﻿<?xml version="1.0" encoding="utf-8"?>
<TranslationContainer>
  <Translations>
    <!--
<Translation>
<Keyword></Keyword>
<Text></Text>
</Translation>
-->
    <Translation>
      <Keyword>DentalshareTroubleshooting</Keyword>
      <Text>Troubleshooting_dentalshare_installation</Text>
    </Translation>
    <Translation>
      <Keyword>DentalDB.Help.Workflow.SelectCustomer.OnlineHelp</Keyword>
      <Text>DentalDB_Module#Defining_job_details</Text>
    </Translation>
    <Translation>
      <Keyword>DentalDB.Help.Workflow.SetPatient.OnlineHelp</Keyword>
      <Text>DentalDB_Module#Defining_job_details</Text>
    </Translation>
    <Translation>
      <Keyword>DentalDB.Help.Workflow.SetBatchJob.OnlineHelp</Keyword>
      <Text>DentalDB_Module#Defining_job_details</Text>
    </Translation>
    <Translation>
      <Keyword>DentalDB.Help.Workflow.SelectTechnician.OnlineHelp</Keyword>
      <Text>DentalDB_Module#Defining_job_details</Text>
    </Translation>
    <Translation>
      <Keyword>DentalDB.Help.Workflow.SelectIndication.OnlineHelp</Keyword>
      <Text>Defining_jobs_for_individual_teeth</Text>
    </Translation>
    <Translation>
      <Keyword>DentalDB.Help.Workflow.SelectIndication.Multidie.OnlineHelp</Keyword>
      <Text>Defining_jobs_for_individual_teeth</Text>
    </Translation>
    <Translation>
      <Keyword>DentalDB.Help.Workflow.SaveJob.OnlineHelp</Keyword>
      <Text>DentalDB_Module#Saving_and_starting_actions</Text>
    </Translation>
    <Translation>
      <Keyword>DentalDB.Help.Workflow.SelectActionFromToolbar.OnlineHelp</Keyword>
      <Text>DentalDB_Module#Saving_and_starting_actions</Text>
    </Translation>
    <Translation>
      <Keyword>DentalDB.Help.Workflow.ResaveJobToSwitchToRegJaws.OnlineHelp</Keyword>
      <Text>DentalDB_Module</Text>
    </Translation>
    <Translation>
      <Keyword>DentalDB.Help.Workflow.SelectTreatmentParam.OnlineHelp</Keyword>
      <Text>DentalDB_Module</Text>
    </Translation>
    <Translation>
      <Keyword>DentalDB.Help.Workflow.ResaveJobToSwitchToEnforcedAntagonistType.OnlineHelp</Keyword>
      <Text>DentalDB_Module</Text>
    </Translation>
    <Translation>
      <Keyword>DentalProcessorControls.PreparationMarginProcessorControl.OnlineHelp</Keyword>
      <Text>Detect_/_edit_margins</Text>
    </Translation>
    <Translation>
      <Keyword>DentalDB.Help.Workflow.FillCustomInfoFields.OnlineHelp</Keyword>
      <Text>DentalDB_Module</Text>
    </Translation>
    <Translation>
      <Keyword>FileTypeAssocWin</Keyword>
      <Text>Make_exocad_default_program_for_3D-Data</Text>
    </Translation>
  </Translations>
</TranslationContainer>