﻿<?xml version="1.0" encoding="utf-8"?>
<TranslationContainer>
  <Translations>
    <!--
<Translation>
<Keyword></Keyword>
<Text></Text>
</Translation>
-->
    <Translation>
      <Keyword>ScanImport02.ToothSkipped</Keyword>
      <Text>Tooth {0} skipped.</Text>
    </Translation>
    <Translation>
      <Keyword>ScanImport02.Notes.InternalCaseId</Keyword>
      <Text>Project id</Text>
    </Translation>
    <Translation>
      <Keyword>ScanImport02.Notes.ExternalCaseId</Keyword>
      <Text>Order</Text>
    </Translation>
    <Translation>
      <Keyword>ScanImport02.Notes.Notes</Keyword>
      <Text>Notes</Text>
    </Translation>
    <Translation>
      <Keyword>ScanImport02.ToothDataNotFound</Keyword>
      <Text>Tooth data not found</Text>
    </Translation>
    <Translation>
      <Keyword>ScanImport02.ToothNumberNotFound</Keyword>
      <Text>
        Tooth number not found in:
        {0}
      </Text>
    </Translation>
    <Translation>
      <Keyword>ScanImport02.ToothRecoTypeNotFound</Keyword>
      <Text>
        Tooth reco type not found for tooth {0}
      </Text>
    </Translation>
    <Translation>
      <Keyword>ScanImport02.ToothMaterialDescrNotFound</Keyword>
      <Text>
        Tooth material descr not found for tooth {0}
      </Text>
    </Translation>
    <Translation>
      <Keyword>ScanImport02.ToothMaterialNotFound</Keyword>
      <Text>
        Tooth material not found for tooth {0}
      </Text>
    </Translation>
    <Translation>
      <Keyword>ScanImport02.ToothInfoCreationFailed</Keyword>
      <Text>
        An error occurred while processing tooth info for tooth {0}.
        Error:
        {1}
      </Text>
    </Translation>
    <Translation>
      <Keyword>ScanImport02.RecentlyArrivedJobs</Keyword>
      <Text>3M: new jobs</Text>
    </Translation>
    <Translation>
      <Keyword>ScanImport02.ProjectId</Keyword>
      <Text>3M Project id</Text>
    </Translation>
    <Translation>
      <Keyword>ScanImport02.Info</Keyword>
      <Text>3M info</Text>
    </Translation>
    <Translation>
      <Keyword>ScanImport02.NewProjects</Keyword>
      <Text>Projects imported:</Text>
    </Translation>
    <Translation>
      <Keyword>ScanImport02.Conflicts</Keyword>
      <Text>Conflicts:</Text>
    </Translation>
    <Translation>
      <Keyword>ScanImport02.ActionRequired</Keyword>
      <Text>Action required</Text>
    </Translation>
    <Translation>
      <Keyword>ScanImport02.ManualPracticeDataEnrichmentEequired</Keyword>
      <Text>Practice specified could not be found or is not unique. Please complete the data to continue.</Text>
    </Translation>
    <Translation>
      <Keyword>ScanImport02.RemoveFromArrivedList</Keyword>
      <Text>Remove from list</Text>
    </Translation>
    <Translation>
      <Keyword>ScanImport02.PracticeDataEnrichment</Keyword>
      <Text>Complete job</Text>
    </Translation>
    <Translation>
      <Keyword>ScanImport02.ViewInDentalDB</Keyword>
      <Text>View in DentalDB</Text>
    </Translation>
    <Translation>
      <Keyword>ScanImport02.OpenInExplorer</Keyword>
      <Text>Open in explorer</Text>
    </Translation>
    <Translation>
      <Keyword>ScanImport02.OverrideExisting</Keyword>
      <Text>Overwrite existing</Text>
    </Translation>
    <Translation>
      <Keyword>ScanImport02.KeepExisting</Keyword>
      <Text>No</Text>
    </Translation>
    <Translation>
      <Keyword>ScanImport02.ShowChanges</Keyword>
      <Text>Show changes in explorer</Text>
    </Translation>
    <Translation>
      <Keyword>PracticeSelectionRequired</Keyword>
      <Text>Non unique client</Text>
    </Translation>
    <Translation>
      <Keyword>PracticeCreationRequired</Keyword>
      <Text>Client missing</Text>
    </Translation>
    <Translation>
      <Keyword>ScanImport02.OriginalDataBackupFailed</Keyword>
      <Text>An error occurred while backuping 3M project.
3M project directory: {0}
Destination directory: {1}
Error: {2}</Text>
    </Translation>
    <Translation>
      <Keyword>ScanImport02.BackupDirNoWritePermissions</Keyword>
      <Text>3M project backup directory is read-only. Please make sure that the directory '{0}' is writeable and try again.</Text>
    </Translation>
    <Translation>
      <Keyword>ScanImport02.BackupDirCreationError</Keyword>
      <Text>An error occurred creating 3M project backup directory '{0}'.
Error: {1}</Text>
    </Translation>
    <Translation>
      <Keyword>ScanImport02.PatientCreationFailed</Keyword>
      <Text>An error occurred while saving patient data:
{0}</Text>
    </Translation>
    <Translation>
      <Keyword>ScanImport02.JobCreationFailed</Keyword>
      <Text>An error occurred while saving job data:
{0}</Text>
    </Translation>
    <Translation>
      <Keyword>ScanImport02.LowerJawScanMissing</Keyword>
      <Text>Lower jaw scan</Text>
    </Translation>
    <Translation>
      <Keyword>ScanImport02.UpperJawScanMissing</Keyword>
      <Text>Upper jaw scan</Text>
    </Translation>
    <Translation>
      <Keyword>ScanImport02.VestibularScanMissing</Keyword>
      <Text>Vestibular scan</Text>
    </Translation>
    <Translation>
      <Keyword>ScanImport02.ScanDataFormatCouldNotBeDetected</Keyword>
      <Text>3M project scan data format could not be detected:
Project directory: {0}</Text>
    </Translation>
    <Translation>
      <Keyword>ScanImport02.RepeatDataImport</Keyword>
      <Text>Retry import scan data</Text>
    </Translation>
    <Translation>
      <Keyword>ScanImport02.DataTransferIncomplete</Keyword>
      <Text>Data transfer incomplete</Text>
    </Translation>
    <Translation>
      <Keyword>ScanImport02.JobArrived</Keyword>
      <Text>3M: job arrived</Text>
    </Translation>
    <Translation>
      <Keyword>ScanImport02.TrayIcon.Tip</Keyword>
      <Text>Click for further options</Text>
    </Translation>
    <Translation>
      <Keyword>ScanImport02.Notes.UsedReconstructions</Keyword>
      <Text>Reconstructions</Text>
    </Translation>
    <Translation>
      <Keyword>ScanImport02.CompleteNewClientData</Keyword>
      <Text>Client was automatically created while importing job from 3M.
Please fill the missing data to complete the import.</Text>
    </Translation>
    <Translation>
      <Keyword>ScanImport02.ImportState.OverwriteConfirmationRequired.Title</Keyword>
      <Text>Requires confirmation</Text>
    </Translation>
    <Translation>
      <Keyword>ScanImport02.ImportState.DataTransferIncomplete.Title</Keyword>
      <Text>Data copied partially</Text>
    </Translation>
    <Translation>
      <Keyword>ScanImport02.ImportState.PracticeSelectionRequired.Title</Keyword>
      <Text>Assign to practice</Text>
    </Translation>
    <Translation>
      <Keyword>ScanImport02.ImportState.Success.Title</Keyword>
      <Text>Imported</Text>
    </Translation>
    <Translation>
      <Keyword>ScanImport02.ShowSourceFolder</Keyword>
      <Text>Open source folder</Text>
    </Translation>
    <Translation>
      <Keyword>ScanImport02.AutomaticImportSetupFailed</Keyword>
      <Text>An error occurred congiguring automatic 3M project import:
Observed directory: {0}
Observation mode: {1}
Error details: {2}</Text>
    </Translation>
    <Translation>
      <Keyword>ScanImport02.ErrorProcessingDirectFormat</Keyword>
      <Text>An error occurred processing direct format file {0}.
Error: {1}</Text>
    </Translation>
    <Translation>
      <Keyword>ScanImport02.GenericImportError</Keyword>
      <Text>An error occurred proceeding 3M project {0}.
Error: {1}</Text>
    </Translation>
    <Translation>
      <Keyword>ScanImport02.DirectoryCreationFailed</Keyword>
      <Text>An error occurred creating directory: {0}
Error: {1}</Text>
    </Translation>
    <Translation>
      <Keyword>ScanImport02.BackupDirNotSet</Keyword>
      <Text>Back up directory for imported 3M projects is not configured. Please configure the back up directory and try again. 
Automatic 3M project import is deactivated.</Text>
    </Translation>
    <Translation>
      <Keyword>ScanImport02.BackupDirNotSet.Ok</Keyword>
      <Text>Ok</Text>
    </Translation>
    <Translation>
      <Keyword>ScanImport02.WorkType.EmptyMaterialList</Keyword>
      <Text>Reconstruction {0} does not have materials assigned to. Please contact your distributor to get the "reconstruction database" configured propertly.</Text>
    </Translation>
    <Translation>
      <Keyword>ScanImport02.NoMaterialForReconstructionFound</Keyword>
      <Text>Restoration for tooth '{0}' could not be created. Reconstruction '{1}' does not allow usage of material '{2}'.</Text>
    </Translation>
    <Translation>
      <Keyword>ScanImport02.3MMaterialNotDefinedOrMapped.UseDefaultInstead</Keyword>
      <Text>For 3M reconstruction '{0}' material '{1}' is not defined or mapped to dental project material. Using default material '{2}' instead. </Text>
    </Translation>
    <Translation>
      <Keyword>ScanImport02.3MMaterialNotDefinedOrMapped.UseFirstAvail</Keyword>
      <Text>For 3M reconstruction '{0}' material '{1}' is not defined or mapped to dental project material. Using first available material '{2}' instead. </Text>
    </Translation>
    <Translation>
      <Keyword>ScanImport02.CouldnotResolveJawForFile</Keyword>
      <Text>Could not resolve jaw for file '{0}'. File skipped.</Text>
    </Translation>
    <Translation>
      <Keyword>ScanImport02.FileNotFound</Keyword>
      <Text>Scan file '{0}' could not be found.</Text>
    </Translation>
    <Translation>
      <Keyword>ScanImport02.ScanDataCheckFailed</Keyword>
      <Text>An error occurred while checking scan data completeness. Scan data copy proccess canceled.</Text>
    </Translation>
    <Translation>
      <Keyword>ScanImport02.ScanDataIncomplete</Keyword>
      <Text>Project scan data are not complete.</Text>
    </Translation>
  </Translations>
</TranslationContainer>