﻿<?xml version="1.0" encoding="utf-8"?>
<TranslationContainer>
  <Translations>
    <!--
<Translation>
<Keyword></Keyword>
<Text></Text>
</Translation>
-->
    <Translation>
      <Keyword>ScanImport03.LabMissing</Keyword>
      <Text>Could not obtain default lab.</Text>
    </Translation>
    <Translation>
      <Keyword>ScanImport03.ImportFailed</Keyword>
      <Text>
        An error occurred while creating job from TRIOS project.
        Error message:
        {0}
      </Text>
    </Translation>
    <Translation>
      <Keyword>ScanImport03.ImportedWithWarnings</Keyword>
      <Text>
        Dental project draft was created from TRIOS project
        TRIOS project file:
        {0}


        Some data may not be proceeded and therefore are missing in project:
        {1}
      </Text>
    </Translation>
    <Translation>
      <Keyword>ScanImport03.AddPracticeFirst</Keyword>
      <Text>
        Customer specified in the TRIOS project file was not found in the database.
        Please fill out the following form to create customer with specified name.
        To proceed without creating new customer and assign existing customer for
        job created from TRIOS project close the window.
      </Text>
    </Translation>
    <Translation>
      <Keyword>ScanImport03.ReconstructionTypeMissingInProjectFileDB</Keyword>
      <Text>No reconstruction type with id '{0}'. Please contact your distributor for details.</Text>
    </Translation>
    <Translation>
      <Keyword>ScanImport03.ReconstructionTypeMappingMissing</Keyword>
      <Text>No reconstruction type with id '{0}' . Please contact your distributor for details.</Text>
    </Translation>
    <Translation>
      <Keyword>ScanImport03.ReconstructionTypeDefaultValueMissing</Keyword>
      <Text>Provided value {0} for default reconstruction type was not found in the database.</Text>
    </Translation>
    <Translation>
      <Keyword>ScanImport03.AntagonistDataInvalid</Keyword>
      <Text>Could not create antagonist from work type {0} and material {1}.</Text>
    </Translation>
    <Translation>
      <Keyword>ScanImport03.MaterialMappingMissing</Keyword>
      <Text>Material with id {0} is not mapped.</Text>
    </Translation>
    <Translation>
      <Keyword>ScanImport03.WorkDefinitionMissing</Keyword>
      <Text>
        Work type '{0}' does not allow use of material '{1}'.
        First available material for work type is used.
      </Text>
    </Translation>
    <Translation>
      <Keyword>ScanImport03.Notes.CaseId</Keyword>
      <Text>Case ID</Text>
    </Translation>
    <Translation>
      <Keyword>ScanImport03.Notes.InternalCaseId</Keyword>
      <Text>Project id</Text>
    </Translation>
    <Translation>
      <Keyword>ScanImport03.Notes.ExternalCaseId</Keyword>
      <Text>Order</Text>
    </Translation>
    <Translation>
      <Keyword>ScanImport03.Notes.Notes</Keyword>
      <Text>Notes</Text>
    </Translation>
    <Translation>
      <Keyword>NewTreatmentFromTrios.ToolTip</Keyword>
      <Text>Create new job from TRIOS project file</Text>
    </Translation>
    <Translation>
      <Keyword>DentalDB.UI.Main.Treatment.NewTreatmentFromTrios</Keyword>
      <Text>TRIOS import</Text>
    </Translation>
    <Translation>
      <Keyword>ScanImport03.InsufficientAccessRights.Project</Keyword>
      <Text>Insufficient user permissions to copy TRIOS  project files into project directory {0}</Text>
    </Translation>
    <Translation>
      <Keyword>ScanImport03.FileCopyFailed.Project</Keyword>
      <Text>Error coping TRIOS project file from {0} to {1}. Error {2}</Text>
    </Translation>
    <Translation>
      <Keyword>ScanImport03.FileCopyFailed.Data</Keyword>
      <Text>Error coping TRIOS data file from {0} to {1}. Error {2}</Text>
    </Translation>
    <Translation>
      <Keyword>ScanImport03.FileTransferIncomplete</Keyword>
      <Text>
        Following errors are occurred while coping referenced files from TRIOS project:
        {0}
      </Text>
    </Translation>
    <Translation>
      <Keyword>ScanImport03.TriosProjectFileNotSpecified</Keyword>
      <Text>TRIOS project file is not specified.</Text>
    </Translation>
    <Translation>
      <Keyword>ScanImport03.TriosProjectFileNotFound</Keyword>
      <Text>
        TRIOS project file to import could not be found.
        File name: {0}
      </Text>
    </Translation>
    <Translation>
      <Keyword>ScanImport03.TRIOSProjectFileCorrupt</Keyword>
      <Text>
        An error occurred while parsing TRIOS project file.
        File name: {0}

        Error message:
        {1}
      </Text>
    </Translation>
    <Translation>
      <Keyword>ScanImport03.TriosMappingDBFileNotSpecified</Keyword>
      <Text>File mapping TRIOS restorations to DentalDB types is not specified.</Text>
    </Translation>
    <Translation>
      <Keyword>ScanImport03.TriosMappingDBFileNotFound</Keyword>
      <Text>
        File mapping TRIOS restorations to DentalDB types could not be found.
        File name: {0}
      </Text>
    </Translation>
    <Translation>
      <Keyword>ScanImport02.TriosMappingDBFileCorrupt</Keyword>
      <Text>
        An error occurred while parsing File mapping TRIOS restorations to DentalDB types.
        File name: {0}

        Error message:
        {1}
      </Text>
    </Translation>
    <Translation>
      <Keyword>ScanImport03.ToothSkipped</Keyword>
      <Text>Tooth {0} skipped.</Text>
    </Translation>
    <Translation>
      <Keyword>ScanImport03.ToothDataNotFound</Keyword>
      <Text>Tooth data not found</Text>
    </Translation>
    <Translation>
      <Keyword>ScanImport03.ToothNumberNotFound</Keyword>
      <Text>
        Tooth number not found in:
        {0}
      </Text>
    </Translation>
    <Translation>
      <Keyword>ScanImport03.ToothRecoTypeNotFound</Keyword>
      <Text>
        Tooth reco type not found for tooth {0}
      </Text>
    </Translation>
    <Translation>
      <Keyword>ScanImport03.ToothMaterialDescrNotFound</Keyword>
      <Text>
        Tooth material descr not found for tooth {0}
      </Text>
    </Translation>
    <Translation>
      <Keyword>ScanImport03.ToothMaterialNotFound</Keyword>
      <Text>
        Tooth material not found for tooth {0}
      </Text>
    </Translation>
    <Translation>
      <Keyword>ScanImport03.ToothInfoCreationFailed</Keyword>
      <Text>
        An error occurred while processing tooth info for tooth {0}.
        Error:
        {1}
      </Text>
    </Translation>
    <Translation>
      <Keyword>ScanImport03.NoTriosScanData</Keyword>
      <Text>No TRIOS scan data could be found.</Text>
    </Translation>
    <Translation>
      <Keyword>ScanImport03.RecentlyArrivedJobs</Keyword>
      <Text>Trios: new jobs</Text>
    </Translation>
    <Translation>
      <Keyword>ScanImport03.ProjectId</Keyword>
      <Text>Trios Project id</Text>
    </Translation>
    <Translation>
      <Keyword>ScanImport03.Info</Keyword>
      <Text>trios info</Text>
    </Translation>
    <Translation>
      <Keyword>ScanImport03.NewProjects</Keyword>
      <Text>Projects imported:</Text>
    </Translation>
    <Translation>
      <Keyword>ScanImport03.Conflicts</Keyword>
      <Text>Conflicts:</Text>
    </Translation>
    <Translation>
      <Keyword>ScanImport03.ActionRequired</Keyword>
      <Text>Action required</Text>
    </Translation>
    <Translation>
      <Keyword>ScanImport03.ManualPracticeDataEnrichmentEequired</Keyword>
      <Text>Practice specified could not be found or is not unique. Please complete the data to continue.</Text>
    </Translation>
    <Translation>
      <Keyword>ScanImport03.RemoveFromArrivedList</Keyword>
      <Text>Remove from list</Text>
    </Translation>
    <Translation>
      <Keyword>ScanImport03.PracticeDataEnrichment</Keyword>
      <Text>Complete job</Text>
    </Translation>
    <Translation>
      <Keyword>ScanImport03.ViewInDentalDB</Keyword>
      <Text>View in DentalDB</Text>
    </Translation>
    <Translation>
      <Keyword>ScanImport03.OpenInExplorer</Keyword>
      <Text>Open in explorer</Text>
    </Translation>
    <Translation>
      <Keyword>ScanImport03.OverrideExisting</Keyword>
      <Text>Overwrite existing</Text>
    </Translation>
    <Translation>
      <Keyword>ScanImport03.KeepExisting</Keyword>
      <Text>No</Text>
    </Translation>
    <Translation>
      <Keyword>ScanImport03.ShowChanges</Keyword>
      <Text>Show changes in explorer</Text>
    </Translation>
    <Translation>
      <Keyword>ScanImport03.OriginalDataBackupFailed</Keyword>
      <Text>An error occurred while backuping TRIOS project.
TRIOS project directory: {0}
Destination directory: {1}
Error: {2}</Text>
    </Translation>
    <Translation>
      <Keyword>ScanImport03.BackupDirNoWritePermissions</Keyword>
      <Text>TRIOS project backup directory is read-only. Please make sure that the directory '{0}' is writeable and try again.</Text>
    </Translation>
    <Translation>
      <Keyword>ScanImport03.BackupDirCreationError</Keyword>
      <Text>An error occurred creating TRIOS project backup directory '{0}'.
Error: {1}</Text>
    </Translation>
    <Translation>
      <Keyword>ScanImport03.PatientCreationFailed</Keyword>
      <Text>An error occurred while saving patient data:
{0}</Text>
    </Translation>
    <Translation>
      <Keyword>ScanImport03.JobCreationFailed</Keyword>
      <Text>An error occurred while saving job data:
{0}</Text>
    </Translation>
    <Translation>
      <Keyword>ScanImport03.LowerJawScanMissing</Keyword>
      <Text>Lower jaw scan</Text>
    </Translation>
    <Translation>
      <Keyword>ScanImport03.UpperJawScanMissing</Keyword>
      <Text>Upper jaw scan</Text>
    </Translation>
    <Translation>
      <Keyword>ScanImport03.VestibularScanMissing</Keyword>
      <Text>Vestibular scan</Text>
    </Translation>
    <Translation>
      <Keyword>ScanImport03.ScanDataFormatCouldNotBeDetected</Keyword>
      <Text>TRIOS project scan data format could not be detected:
Project directory: {0}</Text>
    </Translation>
    <Translation>
      <Keyword>ScanImport03.RepeatDataImport</Keyword>
      <Text>Retry import scan data</Text>
    </Translation>
    <Translation>
      <Keyword>ScanImport03.DataTransferIncomplete</Keyword>
      <Text>Data transfer incomplete</Text>
    </Translation>
    <Translation>
      <Keyword>ScanImport03.JobArrived</Keyword>
      <Text>TRIOS: job arrived</Text>
    </Translation>
    <Translation>
      <Keyword>ScanImport03.TrayIcon.Tip</Keyword>
      <Text>Click for further options</Text>
    </Translation>
    <Translation>
      <Keyword>ScanImport03.Notes.ColorSchema</Keyword>
      <Text>Color</Text>
    </Translation>
    <Translation>
      <Keyword>ScanImport03.Notes.UsedMaterials</Keyword>
      <Text>Materials</Text>
    </Translation>
    <Translation>
      <Keyword>ScanImport03.Notes.UsedReconstructions</Keyword>
      <Text>Reconstructions</Text>
    </Translation>
    <Translation>
      <Keyword>ScanImport03.CompleteNewClientData</Keyword>
      <Text>Client was automatically created while importing job from TRIOS.
Please fill the missing data to complete the import.</Text>
    </Translation>
    <Translation>
      <Keyword>ScanImport03.ImportState.OverwriteConfirmationRequired.Title</Keyword>
      <Text>Requires confirmation</Text>
    </Translation>
    <Translation>
      <Keyword>ScanImport03.ImportState.DataTransferIncomplete.Title</Keyword>
      <Text>Data copied partially</Text>
    </Translation>
    <Translation>
      <Keyword>ScanImport03.ImportState.PracticeSelectionRequired.Title</Keyword>
      <Text>Assign to practice</Text>
    </Translation>
    <Translation>
      <Keyword>ScanImport03.ImportState.Success.Title</Keyword>
      <Text>Imported</Text>
    </Translation>
    <Translation>
      <Keyword>ScanImport03.TriosProjectLoadError</Keyword>
      <Text>An error occurred while loading project from path '{0}'.
Error details:
{1}
    </Text>
    </Translation>
    <Translation>
      <Keyword>ScanImport03.TriosProjectValidationError</Keyword>
      <Text>TRIOS project is not complete.
Error details:
{0}</Text>
    </Translation>
    <Translation>
      <Keyword>ScanImport03.MaterialMappingMissingUsingDefault</Keyword>
      <Text>Tooth {0}: material {1} is not mapped. Using {2} instead.</Text>
    </Translation>
    <Translation>
      <Keyword>ScanImport03.MaterialMissingUsingDefault</Keyword>
      <Text>Tooth {0}: no material defined. Using default material - {1} instead</Text>
    </Translation>
    <Translation>
      <Keyword>ScanImport03.MaterialMissingAndNoDefaultUsingFirst</Keyword>
      <Text>Tooth {0}: no material is specified in TRIOS project and no default fallback material is configured. The material '{1}' is used as first available for restoration type '{2}'.</Text>
    </Translation>
    <Translation>
      <Keyword>ScanImport03.MaterialMissingUsingFirst</Keyword>
      <Text>Tooth {0}: material {1} is not permitted with reconstruction {2}. Using {3} instead</Text>
    </Translation>
    <Translation>
      <Keyword>ScanImport03.WortTypeHasNoMaterialsAssigned</Keyword>
      <Text>Tooth {0}: work name has no material assigned. Tooth skipped</Text>
    </Translation>
    <Translation>
      <Keyword>ScanImport03.TriosMappingDBFileCorrupt</Keyword>
      <Text>An error occurred loading TRIOS configuration file {0}:
{1}</Text>
    </Translation>
    <Translation>
      <Keyword>ScanImport03.ScanDataTranformationMatrixTemplateNotFound</Keyword>
      <Text>Specified scan data transformation matrix could not be found.
Look up path: {0}</Text>
    </Translation>
    <Translation>
      <Keyword>ScanImport03.ScanDataTranformationMatrixCopyFailed</Keyword>
      <Text>An error occurred while copying scan data transformation matrix to project directory:
Source file: {0}
Destination file: {1}
Error: {2}</Text>
    </Translation>
    <Translation>
      <Keyword>ScanImport03.ShowSourceFolder</Keyword>
      <Text>Open source folder</Text>
    </Translation>
    <Translation>
      <Keyword>ScanImport03.MarginDatabaseParseError</Keyword>
      <Text>An error occurred parsing margin line file '{0}'.
Error details:
{1}</Text>
    </Translation>
    <Translation>
      <Keyword>ScanImport03.AutomaticImportSetupFailed</Keyword>
      <Text>An error occurred congiguring automatic TRIOS project import:
Observed directory: {0}
Observation mode: {1}
Error details: {2}</Text>
    </Translation>
    <Translation>
      <Keyword>ScanImport03.AutomaticImportWatchDirectoriesPointsToSameDirectory</Keyword>
      <Text>An error occurred configuring automatic TRIOS import:
ScanImport03WatchDir and ScanImport03WatchDir2 point to same directory, but are configured to use different import modes.
Please ensure that ScanImport03WatchDir and ScanImport03WatchDir2 points to diffrent directories.</Text>
    </Translation>
    <Translation>
      <Keyword>ScanImport03.ErrorProcessingDirectFormat</Keyword>
      <Text>An error occurred processing direct format file {0}.
Error: {1}</Text>
    </Translation>
    <Translation>
      <Keyword>ScanImport03.GenericImportError</Keyword>
      <Text>An error occurred proceeding TRIOS project {0}.
Error: {1}</Text>
    </Translation>
    <Translation>
      <Keyword>ScanImport03.DirectoryCreationFailed</Keyword>
      <Text>An error occurred creating directory: {0}
Error: {1}</Text>
    </Translation>
    <Translation>
      <Keyword>ScanImport03.BackupDirNotSet</Keyword>
      <Text>Back up directory for imported TRIOS projects is not configured. Please configure the back up directory and try again. 
Automatic TRIOS project import is deactivated.</Text>
    </Translation>
    <Translation>
      <Keyword>ScanImport03.BackupDirNotSet.Ok</Keyword>
      <Text>Ok</Text>
    </Translation>
    <Translation>
      <Keyword>ScanImport03.ModelOrderWarning</Keyword>
      <Text>Imported case contains model order. Use the model creator button to design a model.</Text>
    </Translation>
    <Translation>
      <Keyword>ScanImport03.Warning</Keyword>
      <Text>WARNING:</Text>
    </Translation>
    <Translation>
      <Keyword>ScanImport03.ReconstructionTypeMissing</Keyword>
      <Text>Provided value {0} for  reconstruction type was not found in the database.</Text>
    </Translation>
    <Translation>
      <Keyword>ScanImport03.MaterialMissing</Keyword>
      <Text>Could not create restoration from work type {0} and material {1}.</Text>
    </Translation>
  </Translations>
</TranslationContainer>