﻿<?xml version="1.0" encoding="utf-8"?>
<TranslationContainer>
  <Translations>
    <!--
<Translation>
<Keyword></Keyword>
<Text></Text>
</Translation>
-->
    <Translation>
      <Keyword>ScanImport01.ReconstructionTypeMappingMissingInConfigFile</Keyword>
      <Text>No material mapping for the material {0} defined in the iTero project. Tooth id {1}</Text>
    </Translation>
    <Translation>
      <Keyword>ScanImport01.ErrorParsingMarginLineFile</Keyword>
      <Text>An error occurred while reading margin line file {0}.
Error message:
{1}</Text>
    </Translation>
    <Translation>
      <Keyword>ScanImport01.ErrorTransformingMarginLinePoint</Keyword>
      <Text>An error occurred parsing margin line data:
File: {0}.</Text>
    </Translation>
    <Translation>
      <Keyword>ScanImport01.ErrorStoringTransformedMarginLineData</Keyword>
      <Text>An error occurred while storing transformed margin line data to file {0}.
Error message:
{1}</Text>
    </Translation>
    <Translation>
      <Keyword>ScanImport01.ProjectMaterialDatabaseIncomplete</Keyword>
      <Text>The material list in itero project is incomplete. Therefore the original material name cannot be determined.</Text>
    </Translation>
    <Translation>
      <Keyword>ScanImport01.MaterialSelection.Title</Keyword>
      <Text>Please choose material</Text>
    </Translation>
    <Translation>
      <Keyword>ScanImport01.MaterialSelection.Description</Keyword>
      <Text>Different materials are specified in iTero project for a tooth groups listed below, although for each group only asingle material can be used in DentalCAD. 
Please choose a material for reconstructions below.</Text>
    </Translation>
    <Translation>
      <Keyword>ScanImport01.MaterialSelection.ChooseMaterial</Keyword>
      <Text>In order to continue you need to select a material for each tooth group.</Text>
    </Translation>
  </Translations>
</TranslationContainer>